PictureName,WindSpeed(m/s),WaveHeight(m),BeaufortForce
41001_2016_03_11_0010.jpg,10.5,1.83,5
41001_2016_03_11_0110.jpg,10.1,1.75,5
41001_2016_03_11_0200.jpg,10.6,1.84,5
41001_2016_03_11_0310.jpg,10.5,1.9,5
41001_2016_03_11_0410.jpg,11,2.3,5
41001_2016_03_11_0510.jpg,10.8,2.69,5
41001_2016_03_11_0610.jpg,11.3,2.93,5
41001_2016_03_11_0710.jpg,11.2,2.99,5
41001_2016_03_11_0810.jpg,10.8,3.2,5
41001_2016_03_11_0910.jpg,11.1,2.86,5
41001_2016_03_11_1010.jpg,11.5,2.85,6
41001_2016_03_11_1110.jpg,10.7,2.93,5
41001_2016_03_11_1210.jpg,11.6,3.35,6
41001_2016_03_11_1310.jpg,11.3,3.14,5
41001_2016_03_11_1410.jpg,11.2,2.96,5
41001_2016_03_11_1510.jpg,10.9,2.78,5
41001_2016_03_11_1710.jpg,10.5,3.02,5
41001_2016_03_11_1810.jpg,10.1,2.6,5
41001_2016_03_11_1910.jpg,8.6,2.87,4
41001_2016_03_11_2010.jpg,8.7,2.76,4
41001_2016_03_11_2110.jpg,10.5,2.79,5
41001_2016_03_11_2210.jpg,9.2,2.13,5
41001_2016_03_11_2310.jpg,7.5,0.98,4
41001_2016_03_12_0010.jpg,5.9,1.09,4
41001_2016_03_12_0110.jpg,5.3,0.62,3
41001_2016_03_12_0210.jpg,4.6,0.73,3
41001_2016_03_12_0310.jpg,6.4,1.19,4
41001_2016_03_12_0410.jpg,7.6,1.02,4
41001_2016_03_12_0510.jpg,8.2,0.98,4
41001_2016_03_12_0610.jpg,8.2,0.92,4
41001_2016_03_12_0710.jpg,7.9,1.06,4
41001_2016_03_12_0810.jpg,7.6,1.26,4
41001_2016_03_12_0910.jpg,8.1,1.32,4
41001_2016_03_12_1010.jpg,7.1,1.05,4
41001_2016_03_12_1110.jpg,6.6,1.09,4
41001_2016_03_12_1210.jpg,6.3,0.95,4
41001_2016_03_12_1310.jpg,5.4,0.89,3
41001_2016_03_12_1410.jpg,6.2,0.8,4
41001_2016_03_12_1510.jpg,5,0.69,3
41001_2016_03_12_1610.jpg,5.1,0.68,3
41001_2016_03_12_1710.jpg,5,0.63,3
41001_2016_03_12_1810.jpg,4.8,0.6,3
41001_2016_03_12_1910.jpg,4.9,0.51,3
41001_2016_03_12_2010.jpg,5,0.67,3
41001_2016_03_12_2110.jpg,5.4,0.6,3
41001_2016_03_12_2210.jpg,5.2,0.55,3
41001_2016_03_12_2310.jpg,4.8,0.57,3
41001_2016_03_13_0010.jpg,4.3,0.48,3
41001_2016_03_13_0110.jpg,4.3,0.37,3
41001_2016_03_13_0210.jpg,5.3,0.52,3
41001_2016_03_13_0310.jpg,5,0.59,3
41001_2016_03_13_0410.jpg,4.5,0.64,3
41001_2016_03_13_0510.jpg,6.2,0.68,4
41001_2016_03_13_0610.jpg,6.5,0.91,4
41001_2016_03_13_0710.jpg,8.9,1.02,5
41001_2016_03_13_0810.jpg,8.7,1.04,4
41001_2016_03_13_0910.jpg,9.4,1.18,5
41001_2016_03_13_1010.jpg,8.5,1.13,4
41001_2016_03_13_1110.jpg,7.8,1.11,4
41001_2016_03_13_1210.jpg,7.9,1.16,4
41001_2016_03_13_1310.jpg,7.7,1.12,4
41001_2016_03_13_1410.jpg,7,1.06,4
41001_2016_03_13_1510.jpg,6.5,1.03,4
41001_2016_03_13_1610.jpg,6,1.1,4
41001_2016_03_13_1710.jpg,6.4,1.15,4
41001_2016_03_13_1810.jpg,6.2,0.97,4
41001_2016_03_13_1910.jpg,5.7,1.08,4
41001_2016_03_13_2010.jpg,8.5,1.22,4
41001_2016_03_13_2110.jpg,9,1.3,5
41001_2016_03_13_2210.jpg,9.6,1.32,5
41001_2016_03_13_2310.jpg,9,1.54,5
41001_2016_03_14_0010.jpg,9.9,1.59,5
41001_2016_03_14_0110.jpg,8.1,1.38,4
41001_2016_03_14_0210.jpg,7.3,1.3,4
41001_2016_03_14_0310.jpg,6.1,0.67,4
41001_2016_03_14_0410.jpg,3.6,0.54,2
41001_2016_03_14_0510.jpg,6,1.06,4
41001_2016_03_14_0610.jpg,7.5,1.02,4
41001_2016_03_14_0710.jpg,8.1,1.16,4
41001_2016_03_14_0810.jpg,8.1,1.33,4
41001_2016_03_14_0910.jpg,9.8,1.33,5
41001_2016_03_14_1010.jpg,7.7,1.45,4
41001_2016_03_14_1110.jpg,8.5,1.52,4
41001_2016_03_14_1210.jpg,9.7,1.61,5
41001_2016_03_14_1310.jpg,6.2,0.68,4
41001_2016_03_14_1410.jpg,9.3,1.69,5
41001_2016_03_14_1510.jpg,9.7,1.61,5
41001_2016_03_14_1610.jpg,8.4,1.61,4
41001_2016_03_14_1700.jpg,9.8,1.94,5
41001_2016_03_14_1810.jpg,9.6,1.69,5
41001_2016_03_14_1910.jpg,10,1.62,5
41001_2016_03_14_2010.jpg,11.1,1.9,5
41001_2016_03_14_2110.jpg,10.4,1.91,5
41001_2016_03_14_2210.jpg,9.4,1.97,5
41001_2016_03_14_2310.jpg,10.6,2.29,5
41001_2016_03_15_0010.jpg,10.6,2.1,5
41001_2016_03_15_0110.jpg,11.4,1.96,6
41001_2016_03_15_0210.jpg,10.3,2.01,5
41001_2016_03_15_0310.jpg,10.1,2.11,5
41001_2016_03_15_0410.jpg,11.3,2.09,5
41001_2016_03_15_0510.jpg,10.5,2.16,5
41001_2016_03_15_0610.jpg,10.4,2.05,5
41001_2016_03_15_0710.jpg,9.3,1.87,5
41001_2016_03_15_0810.jpg,8.5,1.69,4
41001_2016_03_15_0910.jpg,9.3,1.94,5
41001_2016_03_15_1010.jpg,6.9,0.9,4
41001_2016_03_15_1110.jpg,8.3,1.76,4
41001_2016_03_15_1210.jpg,8.3,1.95,4
41001_2016_03_15_1310.jpg,8.4,1.83,4
41001_2016_03_15_1400.jpg,8.4,1.76,4
41001_2016_03_15_1510.jpg,8.8,1.87,5
41001_2016_03_15_1610.jpg,10.4,1.84,5
41001_2016_03_15_1710.jpg,9.9,2.05,5
41001_2016_03_15_1810.jpg,9.9,2.02,5
41001_2016_03_15_1910.jpg,10.9,2.05,5
41001_2016_03_15_2010.jpg,10.2,2.26,5
41001_2016_03_15_2110.jpg,9.7,2.09,5
41001_2016_03_15_2210.jpg,9.9,1.8,5
41001_2016_03_15_2310.jpg,10.4,1.98,5
41001_2016_03_16_0010.jpg,10.6,2.26,5
41001_2016_03_16_0110.jpg,11.6,2.38,6
41001_2016_03_16_0210.jpg,10.2,2.36,5
41001_2016_03_16_0310.jpg,9.9,2.37,5
41001_2016_03_16_0410.jpg,10.1,1.88,5
41001_2016_03_16_0510.jpg,9.9,2.04,5
41001_2016_03_16_0610.jpg,9.1,2.09,5
41001_2016_03_16_0710.jpg,9.3,2.15,5
41001_2016_03_16_0810.jpg,8.6,1.84,4
41001_2016_03_16_0910.jpg,8.4,1.69,4
41001_2016_03_16_1010.jpg,8,1.57,4
41001_2016_03_16_1110.jpg,7.8,1.63,4
41001_2016_03_16_1210.jpg,7.3,1.18,4
41001_2016_03_16_1310.jpg,6.1,0.76,4
41001_2016_03_16_1410.jpg,4.6,0.55,3
41001_2016_03_16_1510.jpg,3.9,0.46,3
41001_2016_03_16_1610.jpg,3,0.46,2
41001_2016_03_16_1710.jpg,2.4,0.43,2
41001_2016_03_16_1810.jpg,3.2,0.57,2
41001_2016_03_16_1910.jpg,5.4,0.81,3
41001_2016_03_16_2010.jpg,7.5,0.7,4
41001_2016_03_16_2110.jpg,8.3,0.73,4
41001_2016_03_16_2210.jpg,8.9,0.89,5
41001_2016_03_16_2310.jpg,9.8,1.07,5
41001_2016_03_17_0010.jpg,10,1.22,5
41001_2016_03_17_0110.jpg,9.2,1.14,5
41001_2016_03_17_0210.jpg,9.6,1.3,5
41001_2016_03_17_0310.jpg,10.6,1.38,5
41001_2016_03_17_0410.jpg,11,1.51,5
41001_2016_03_17_0510.jpg,10.5,1.44,5
41001_2016_03_17_0610.jpg,10.5,1.53,5
41001_2016_03_17_0710.jpg,9.1,1.77,5
41001_2016_03_17_0810.jpg,9.9,1.8,5
41001_2016_03_17_0910.jpg,8.7,1.62,4
41001_2016_03_17_1010.jpg,8.3,1.65,4
41001_2016_03_17_1110.jpg,7.3,1.48,4
41001_2016_03_17_1210.jpg,5.1,0.7,3
41001_2016_03_17_1310.jpg,4.4,0.66,3
41001_2016_03_17_1410.jpg,4.5,0.62,3
41001_2016_03_17_1510.jpg,5.2,1,3
41001_2016_03_17_1610.jpg,5.9,1.02,4
41001_2016_03_17_1710.jpg,5.5,0.69,3
41001_2016_03_17_1810.jpg,4.4,0.46,3
41001_2016_03_17_1910.jpg,3.1,0.45,2
41001_2016_03_17_2010.jpg,2.5,0.4,2
41001_2016_03_17_2110.jpg,3.7,0.36,3
41001_2016_03_17_2210.jpg,2.8,0.38,2
41001_2016_03_17_2310.jpg,0.4,0.36,0
41001_2016_03_18_0010.jpg,0.7,0.35,1
41001_2016_03_18_0110.jpg,1,0.34,1
41001_2016_03_18_0210.jpg,3.1,0.35,2
41001_2016_03_18_0310.jpg,4,0.43,3
41001_2016_03_18_0410.jpg,5.1,0.49,3
41001_2016_03_18_0510.jpg,6,0.41,4
41001_2016_03_18_0610.jpg,4.1,0.37,3
41001_2016_03_18_0710.jpg,3.6,0.38,2
41001_2016_03_18_0810.jpg,3.5,0.39,2
41001_2016_03_18_0910.jpg,3.4,0.4,2
41001_2016_03_18_1010.jpg,2.6,,2
41001_2016_03_18_1110.jpg,3.8,0.36,3
41001_2016_03_18_1210.jpg,4.3,0.76,3
41001_2016_03_18_1310.jpg,4.7,0.39,3
41001_2016_03_18_1410.jpg,2.2,0.43,2
41001_2016_03_18_1510.jpg,4.3,0.85,3
41001_2016_03_18_1610.jpg,6.1,1.49,4
41001_2016_03_18_1710.jpg,11,1.31,5
41001_2016_03_18_1810.jpg,10.7,1.66,5
41001_2016_03_18_1910.jpg,9.4,1.59,5
41001_2016_03_18_2010.jpg,8.2,1.51,4
41001_2016_03_18_2110.jpg,8.5,1.47,4
41001_2016_03_18_2210.jpg,7.7,1.18,4
41001_2016_03_18_2310.jpg,6.8,1.02,4
41001_2016_03_19_0010.jpg,6,1.02,4
41001_2016_03_19_0110.jpg,5.6,0.51,3
41001_2016_03_19_0210.jpg,4.7,0.44,3
41001_2016_03_19_0310.jpg,5.1,0.37,3
41001_2016_03_19_0410.jpg,4.8,0.36,3
41001_2016_03_19_0510.jpg,4.2,0.33,3
41001_2016_03_19_0610.jpg,4.6,0.3,3
41001_2016_03_19_0710.jpg,4,0.29,3
41001_2016_03_19_0810.jpg,4.1,0.27,3
41001_2016_03_19_0910.jpg,4.4,0.37,3
41001_2016_03_19_1010.jpg,4.8,0.36,3
41001_2016_03_19_1110.jpg,5.2,0.47,3
41001_2016_03_19_1210.jpg,5.4,0.66,3
41001_2016_03_19_1310.jpg,6.2,0.95,4
41001_2016_03_19_1410.jpg,7.6,0.99,4
41001_2016_03_19_1510.jpg,8,1.13,4
41001_2016_03_19_1610.jpg,8.4,1.45,4
41001_2016_03_19_1710.jpg,8.2,1.44,4
41001_2016_03_19_1810.jpg,9.6,1.53,5
41001_2016_03_19_1910.jpg,10.1,1.45,5
41001_2016_03_19_2010.jpg,10.8,1.77,5
41001_2016_03_19_2110.jpg,11.3,2.41,5
41001_2016_03_19_2210.jpg,10.1,2.15,5
41001_2016_03_19_2310.jpg,8.3,2.34,4
41001_2016_03_20_0010.jpg,10.5,2.28,5
41001_2016_03_20_0110.jpg,4.4,1.63,3
41001_2016_03_20_0210.jpg,7.5,1.85,4
41001_2016_03_20_0310.jpg,8,1.69,4
41001_2016_03_20_0410.jpg,7.5,1.45,4
41001_2016_03_20_0510.jpg,6.6,0.91,4
41001_2016_03_20_0610.jpg,5.7,0.6,4
41001_2016_03_20_0710.jpg,5.1,0.7,3
41001_2016_03_20_0810.jpg,4.6,1.31,3
41001_2016_03_20_0910.jpg,5,0.48,3
41001_2016_03_20_1010.jpg,1.9,0.34,1
41001_2016_03_20_1110.jpg,1.9,0.35,1
41001_2016_03_20_1210.jpg,1.7,0.36,1
41001_2016_03_20_1310.jpg,1.4,0.37,1
41001_2016_03_20_1410.jpg,3.8,0.38,3
41001_2016_03_20_1510.jpg,4.4,0.44,3
41001_2016_03_20_1610.jpg,4.4,0.54,3
41001_2016_03_20_1710.jpg,5.2,0.6,3
41001_2016_03_20_1810.jpg,5.7,1.13,4
41001_2016_03_20_1910.jpg,6.8,1.29,4
41001_2016_03_20_2010.jpg,7.2,1.08,4
41001_2016_03_20_2110.jpg,7.4,1.24,4
41001_2016_03_20_2210.jpg,7.8,1.11,4
41001_2016_03_20_2310.jpg,7.6,1.18,4
41001_2016_03_21_0010.jpg,6.7,1.05,4
41001_2016_03_21_0110.jpg,7.7,1.16,4
41001_2016_03_21_0210.jpg,8.9,,5
41001_2016_03_21_0310.jpg,7.5,0.86,4
41001_2016_03_21_0410.jpg,9,1.01,5
41001_2016_03_21_0510.jpg,9.1,1.11,5
41001_2016_03_21_0610.jpg,9.8,1.14,5
41001_2016_03_21_0710.jpg,9.7,1.09,5
41001_2016_03_21_0810.jpg,10.3,1.08,5
41001_2016_03_21_0910.jpg,10.9,1.08,5
41001_2016_03_21_1010.jpg,11.3,1.27,5
41001_2016_03_21_1110.jpg,12.3,1.6,6
41001_2016_03_21_1210.jpg,11.1,1.6,5
41001_2016_03_21_1310.jpg,11.9,1.57,6
41001_2016_03_21_1410.jpg,12.5,1.78,6
41001_2016_03_21_1510.jpg,12.8,2.09,6
41001_2016_03_21_1610.jpg,11.3,2.22,5
41001_2016_03_21_1710.jpg,12.5,2.24,6
41001_2016_03_21_1810.jpg,13.2,3.04,6
41001_2016_03_21_1910.jpg,10.7,3.06,5
41001_2016_03_21_2000.jpg,12,2.45,6
41001_2016_03_21_2110.jpg,12.9,2.31,6
41001_2016_03_21_2210.jpg,12.6,2.07,6
41001_2016_03_21_2310.jpg,12.4,1.75,6
41001_2016_03_22_0010.jpg,12.7,1.98,6
41001_2016_03_22_0110.jpg,12,1.74,6
41001_2016_03_22_0210.jpg,11.3,2.04,5
41001_2016_03_22_0310.jpg,10.5,2.15,5
41001_2016_03_22_0410.jpg,11.1,2.03,5
41001_2016_03_22_0510.jpg,10,2.53,5
41001_2016_03_22_0610.jpg,9.2,2.31,5
41001_2016_03_22_0710.jpg,8,1.69,4
41001_2016_03_22_0810.jpg,7.8,1.61,4
41001_2016_03_22_0910.jpg,8,1.73,4
41001_2016_03_22_1010.jpg,7.2,1.5,4
41001_2016_03_22_1110.jpg,7.5,1.61,4
41001_2016_03_22_1210.jpg,6.4,1.25,4
41001_2016_03_22_1310.jpg,5.6,0.98,3
41001_2016_03_22_1400.jpg,5.8,0.91,4
41001_2016_03_22_1510.jpg,5.1,1,3
41001_2016_03_22_1610.jpg,4.5,0.7,3
41001_2016_03_22_1710.jpg,3.6,0.55,2
41001_2016_03_22_1810.jpg,2.6,0.49,2
41001_2016_03_22_1910.jpg,2,0.48,1
41001_2016_03_22_2010.jpg,1,0.48,1
41001_2016_03_22_2110.jpg,0.7,0.48,1
41001_2016_03_22_2210.jpg,1.3,0.38,1
41001_2016_03_22_2310.jpg,5.3,0.75,3
41001_2016_03_23_0010.jpg,6.3,0.86,4
41001_2016_03_23_0110.jpg,7,0.88,4
41001_2016_03_23_0210.jpg,7.8,0.95,4
41001_2016_03_23_0310.jpg,7.6,1.03,4
41001_2016_03_23_0410.jpg,8.6,1.22,4
41001_2016_03_23_0510.jpg,9.7,1.36,5
41001_2016_03_23_0610.jpg,9.9,1.37,5
41001_2016_03_23_0710.jpg,9.7,1.49,5
41001_2016_03_23_0810.jpg,9.6,1.55,5
41001_2016_03_23_0910.jpg,10,1.6,5
41001_2016_03_23_1010.jpg,9.9,1.91,5
41001_2016_03_23_1110.jpg,10.3,2.16,5
41001_2016_03_23_1210.jpg,9.5,1.96,5
41001_2016_03_23_1310.jpg,10.2,1.97,5
41001_2016_03_23_1410.jpg,9.6,2.08,5
41001_2016_03_23_1510.jpg,9.6,2.18,5
41001_2016_03_23_1610.jpg,9.8,2.17,5
41001_2016_03_23_1710.jpg,10.1,2.37,5
41001_2016_03_23_1810.jpg,10.5,2.32,5
41001_2016_03_23_1910.jpg,10.1,2.62,5
41001_2016_03_23_2010.jpg,10.4,2.5,5
41001_2016_03_23_2110.jpg,10.8,2.42,5
41001_2016_03_23_2210.jpg,10.9,2.48,5
41001_2016_03_23_2310.jpg,10.4,2.33,5
41001_2016_03_24_0010.jpg,10.3,2.43,5
41001_2016_03_24_0110.jpg,10.8,2.55,5
41001_2016_03_24_0210.jpg,10.2,2.65,5
41001_2016_03_24_0310.jpg,10.2,2.38,5
41001_2016_03_24_0410.jpg,10,2.38,5
41001_2016_03_24_0510.jpg,10.2,2.16,5
41001_2016_03_24_0610.jpg,9.5,2.23,5
41001_2016_03_24_0710.jpg,9.3,1.93,5
41001_2016_03_24_0810.jpg,8.4,1.91,4
41001_2016_03_24_0910.jpg,8.4,1.82,4
41001_2016_03_24_1010.jpg,8.1,1.85,4
41001_2016_03_24_1110.jpg,8.6,1.7,4
41001_2016_03_24_1210.jpg,8,1.74,4
41001_2016_03_24_1310.jpg,7.8,1.58,4
41001_2016_03_24_1410.jpg,7.7,1.55,4
41001_2016_03_24_1510.jpg,7.8,1.6,4
41001_2016_03_24_1610.jpg,9.2,1.56,5
41001_2016_03_24_1710.jpg,9.2,1.55,5
41001_2016_03_24_1810.jpg,9.4,1.61,5
41001_2016_03_24_1910.jpg,9.6,1.73,5
41001_2016_03_24_2010.jpg,9.6,1.65,5
41001_2016_03_24_2110.jpg,9.3,1.59,5
41001_2016_03_24_2210.jpg,8.8,1.44,5
41001_2016_03_24_2310.jpg,8.9,1.37,5
41001_2016_03_25_0010.jpg,10.4,1.62,5
41001_2016_03_25_0110.jpg,10.6,1.74,5
41001_2016_03_25_0210.jpg,11.9,2.16,6
41001_2016_03_25_0310.jpg,11.4,2.15,6
41001_2016_03_25_0410.jpg,10.7,2.23,5
41001_2016_03_25_0510.jpg,12,2.27,6
41001_2016_03_25_0610.jpg,12.4,2.36,6
41001_2016_03_25_0710.jpg,11.3,2.51,5
41001_2016_03_25_0810.jpg,10.7,2.06,5
41001_2016_03_25_0910.jpg,10.6,2.51,5
41001_2016_03_25_1010.jpg,10.6,2.72,5
41001_2016_03_25_1110.jpg,11.2,2.48,5
41001_2016_03_25_1210.jpg,10.6,2.47,5
41001_2016_03_25_1310.jpg,10.1,2.44,5
41001_2016_03_25_1410.jpg,9.8,2.45,5
41001_2016_03_25_1510.jpg,10.4,2.38,5
41001_2016_03_25_1610.jpg,10.5,2.29,5
41001_2016_03_25_1710.jpg,9.3,2.32,5
41001_2016_03_25_1810.jpg,9.7,2.38,5
41001_2016_03_25_1910.jpg,9.3,2.2,5
41001_2016_03_25_2010.jpg,9.3,2.19,5
41001_2016_03_25_2110.jpg,9.5,2.22,5
41001_2016_03_25_2210.jpg,10.7,2.15,5
41001_2016_03_25_2310.jpg,10.6,2.06,5
41001_2016_03_26_0010.jpg,9.8,2,5
41001_2016_03_26_0110.jpg,9.7,2.08,5
41001_2016_03_26_0210.jpg,9.8,1.92,5
41001_2016_03_26_0310.jpg,9.8,2.15,5
41001_2016_03_26_0410.jpg,10,2.32,5
41001_2016_03_26_0510.jpg,8.8,2.49,5
41001_2016_03_26_0610.jpg,9.7,2.22,5
41001_2016_03_26_0710.jpg,8.3,2.36,4
41001_2016_03_26_0810.jpg,7.1,0.63,4
41001_2016_03_26_0910.jpg,3.8,0.56,3
41001_2016_03_26_1010.jpg,4.4,2.1,3
41001_2016_03_26_1110.jpg,7.6,1.5,4
41001_2016_03_26_1210.jpg,7.2,1.75,4
41001_2016_03_26_1310.jpg,6.7,1.35,4
41001_2016_03_26_1410.jpg,6.4,0.94,4
41001_2016_03_26_1510.jpg,4.8,0.62,3
41001_2016_03_26_1610.jpg,4.8,0.64,3
41001_2016_03_26_1710.jpg,4.2,0.61,3
41001_2016_03_26_1810.jpg,4.9,0.77,3
41001_2016_03_26_1910.jpg,4.5,0.54,3
41001_2016_03_26_2010.jpg,3.9,0.42,3
41001_2016_03_26_2110.jpg,3.1,0.41,2
41001_2016_03_26_2210.jpg,1.8,0.39,1
41001_2016_03_26_2310.jpg,2,0.38,1
41001_2016_03_27_0010.jpg,1.6,0.39,1
41001_2016_03_27_0110.jpg,0.8,0.38,1
41001_2016_03_27_0210.jpg,1.3,0.37,1
41001_2016_03_27_0310.jpg,0.6,0.37,1
41001_2016_03_27_0410.jpg,0.3,0.38,0
41001_2016_03_27_0510.jpg,0.5,0.38,0
41001_2016_03_27_0610.jpg,1.7,0.32,1
41001_2016_03_27_0710.jpg,2.6,0.38,2
41001_2016_03_27_0810.jpg,1.6,0.34,1
41001_2016_03_27_0910.jpg,2.3,0.33,2
41001_2016_03_27_1010.jpg,3.2,0.34,2
41001_2016_03_27_1110.jpg,4.1,0.39,3
41001_2016_03_27_1210.jpg,5.2,0.74,3
41001_2016_03_27_1310.jpg,5.6,0.57,3
41001_2016_03_27_1410.jpg,5.9,0.56,4
41001_2016_03_27_1510.jpg,4.7,0.45,3
41001_2016_03_27_1610.jpg,5.4,0.64,3
41001_2016_03_27_1710.jpg,6.3,0.91,4
41001_2016_03_27_1810.jpg,6.3,0.76,4
41001_2016_03_27_1910.jpg,5.4,0.58,3
41001_2016_03_27_2010.jpg,4.3,0.45,3
41001_2016_03_27_2110.jpg,2.9,0.39,2
41001_2016_03_27_2210.jpg,2.5,0.39,2
41001_2016_03_27_2310.jpg,1.9,0.35,1
41001_2016_03_28_0000.jpg,1.9,0.34,1
41001_2016_03_28_0110.jpg,3.9,0.58,3
41001_2016_03_28_0200.jpg,5.7,0.54,4
41001_2016_03_28_0310.jpg,3.4,0.37,2
41001_2016_03_28_0410.jpg,1.7,0.35,1
41001_2016_03_28_0510.jpg,3.2,1.33,2
41001_2016_03_28_0610.jpg,9.6,1.39,5
41001_2016_03_28_0710.jpg,11,1.88,5
41001_2016_03_28_0810.jpg,12.3,2.11,6
41001_2016_03_28_0910.jpg,13.8,2.44,6
41001_2016_03_28_1010.jpg,14.2,,6
41001_2016_03_28_1110.jpg,13.6,2.83,6
41001_2016_03_28_1210.jpg,14.6,3.33,7
41001_2016_03_28_1310.jpg,16.1,3.77,7
41001_2016_03_28_1410.jpg,13.5,3.56,6
41001_2016_03_28_1510.jpg,16,2.88,7
41001_2016_03_28_1610.jpg,11.8,1.8,6
41001_2016_03_28_1710.jpg,11.6,2.47,6
41001_2016_03_28_1810.jpg,10.9,2.08,5
41001_2016_03_28_1910.jpg,9.7,1.97,5
41001_2016_03_28_2010.jpg,9.8,2.16,5
41001_2016_03_28_2110.jpg,9.7,2.8,5
41001_2016_03_28_2210.jpg,9.8,1.77,5
41001_2016_03_28_2310.jpg,9.4,1.47,5
41001_2016_03_29_0010.jpg,9.3,1.66,5
41001_2016_03_29_0050.jpg,9.3,1.66,5
41001_2016_03_29_0210.jpg,10.5,1.65,5
41001_2016_03_29_0310.jpg,10.6,1.83,5
41001_2016_03_29_0410.jpg,11.4,2.78,6
41001_2016_03_29_0510.jpg,10.5,1.8,5
41001_2016_03_29_0610.jpg,10.6,1.8,5
41001_2016_03_29_0710.jpg,10.1,2.02,5
41001_2016_03_29_0810.jpg,9.5,2.34,5
41001_2016_03_29_0910.jpg,9.4,1.75,5
41001_2016_03_29_1010.jpg,8.5,1.8,4
41001_2016_03_29_1110.jpg,7.5,1.43,4
41001_2016_03_29_1210.jpg,7.4,1.6,4
41001_2016_03_29_1310.jpg,7.8,1.74,4
41001_2016_03_29_1410.jpg,7.8,1.45,4
41001_2016_03_29_1510.jpg,8.3,1.43,4
41001_2016_03_29_1610.jpg,7.9,1.54,4
41001_2016_03_29_1710.jpg,8.5,1.43,4
41001_2016_03_29_1810.jpg,8.3,1.34,4
41001_2016_03_29_1910.jpg,7.5,1.45,4
41001_2016_03_29_2010.jpg,7.9,1.27,4
41001_2016_03_29_2110.jpg,6.7,1.21,4
41001_2016_03_29_2210.jpg,7,1.1,4
41001_2016_03_29_2310.jpg,7.2,0.89,4
41001_2016_03_30_0010.jpg,7.2,0.9,4
41001_2016_03_30_0110.jpg,7.8,0.96,4
41001_2016_03_30_0210.jpg,8.4,0.86,4
41001_2016_03_30_0310.jpg,8.6,0.98,4
41001_2016_03_30_0410.jpg,8.4,0.99,4
41001_2016_03_30_0510.jpg,8.8,1.22,5
41001_2016_03_30_0610.jpg,8,1.24,4
41001_2016_03_30_0710.jpg,7.6,1.09,4
41001_2016_03_30_0810.jpg,7.9,1.13,4
41001_2016_03_30_0900.jpg,7.8,1.23,4
41001_2016_03_30_1010.jpg,7.6,1.25,4
41001_2016_03_30_1110.jpg,7.6,1.22,4
41001_2016_03_30_1210.jpg,7.8,1.04,4
41001_2016_03_30_1310.jpg,6.8,0.94,4
41001_2016_03_30_1410.jpg,6.5,0.82,4
41001_2016_03_30_1510.jpg,6.1,0.68,4
41001_2016_03_30_1610.jpg,5.5,0.63,3
41001_2016_03_30_1710.jpg,5.7,0.52,4
41001_2016_03_30_1810.jpg,5.1,0.5,3
41001_2016_03_30_1910.jpg,4.9,0.48,3
41001_2016_03_30_2010.jpg,5.9,0.48,4
41001_2016_03_30_2110.jpg,4.5,0.56,3
41001_2016_03_30_2210.jpg,5.4,0.61,3
41001_2016_03_30_2310.jpg,6,0.36,4
41001_2016_03_31_0010.jpg,5.9,0.83,4
41001_2016_03_31_0110.jpg,6.7,0.76,4
41001_2016_03_31_0210.jpg,8.1,1.27,4
41001_2016_03_31_0310.jpg,7.8,0.98,4
41001_2016_03_31_0410.jpg,7.6,0.99,4
41001_2016_03_31_0500.jpg,7.5,1.12,4
41001_2016_03_31_0610.jpg,8.1,1.2,4
41001_2016_03_31_0710.jpg,8.6,1.28,4
41001_2016_03_31_0810.jpg,8.9,1.37,5
41001_2016_03_31_0910.jpg,8.6,1.33,4
41001_2016_03_31_1010.jpg,8.3,1.47,4
41001_2016_03_31_1110.jpg,7.1,1.22,4
41001_2016_03_31_1210.jpg,6.9,1.22,4
41001_2016_03_31_1310.jpg,8.3,1.46,4
41001_2016_03_31_1410.jpg,8.6,1.46,4
41001_2016_03_31_1510.jpg,9.4,1.57,5
41001_2016_03_31_1610.jpg,9.2,1.65,5
41001_2016_03_31_1710.jpg,9.7,1.7,5
41001_2016_03_31_1810.jpg,10.2,1.89,5
41001_2016_03_31_1910.jpg,10.4,1.94,5
41001_2016_03_31_2010.jpg,9.7,1.86,5
41001_2016_03_31_2110.jpg,10.2,2.01,5
41001_2016_03_31_2210.jpg,10.2,2.22,5
41001_2016_03_31_2310.jpg,10.5,2.08,5
41001_2016_04_01_0010.jpg,11.4,2.46,6
41001_2016_04_01_0110.jpg,11.4,2.41,6
41001_2016_04_01_0210.jpg,11.8,2.63,6
41001_2016_04_01_0310.jpg,11.6,2.57,6
41001_2016_04_01_0410.jpg,11.5,2.5,6
41001_2016_04_01_0510.jpg,11.2,2.56,5
41001_2016_04_01_0610.jpg,10.5,2.64,5
41001_2016_04_01_0810.jpg,9.9,2.4,5
41001_2016_04_01_0910.jpg,10,,5
41001_2016_04_01_1010.jpg,9.6,2.16,5
41001_2016_04_01_1110.jpg,9.2,2.39,5
41001_2016_04_01_1210.jpg,9.3,2.48,5
41001_2016_04_01_1310.jpg,9.9,2.29,5
41001_2016_04_01_1410.jpg,10.5,2.24,5
41001_2016_04_01_1510.jpg,9.6,2.35,5
41001_2016_04_01_1610.jpg,10.2,2.27,5
41001_2016_04_01_1710.jpg,10.4,2.29,5
41001_2016_04_01_1810.jpg,10.1,2.47,5
41001_2016_04_01_1910.jpg,9.4,2.51,5
41001_2016_04_01_2010.jpg,9.7,2.29,5
41001_2016_04_01_2110.jpg,9.1,2.78,5
41001_2016_04_01_2210.jpg,11.1,2.69,5
41001_2016_04_01_2310.jpg,10.4,2.44,5
41001_2016_04_02_0010.jpg,10,2.53,5
41001_2016_04_02_0110.jpg,9.7,2.57,5
41001_2016_04_02_0210.jpg,9.4,2.62,5
41001_2016_04_02_0310.jpg,10.4,2.75,5
41001_2016_04_02_0410.jpg,10.3,2.7,5
41001_2016_04_02_0510.jpg,10.5,2.65,5
41001_2016_04_02_0610.jpg,10.4,3.06,5
41001_2016_04_02_0710.jpg,10.1,2.82,5
41001_2016_04_02_0810.jpg,10.4,2.7,5
41001_2016_04_02_0910.jpg,10.5,2.74,5
41001_2016_04_02_1010.jpg,10.1,2.72,5
41001_2016_04_02_1110.jpg,10.9,2.59,5
41001_2016_04_02_1210.jpg,10,2.43,5
41001_2016_04_02_1310.jpg,11.6,2.75,6
41001_2016_04_02_1410.jpg,11,2.63,5
41001_2016_04_02_1510.jpg,10,2.4,5
41001_2016_04_02_1610.jpg,12.4,2.93,6
41001_2016_04_02_1710.jpg,17.8,3.24,8
41001_2016_04_02_1810.jpg,13.9,3.29,6
41001_2016_04_02_1910.jpg,13.6,3.06,6
41001_2016_04_02_2010.jpg,14.8,4.18,7
41001_2016_04_02_2110.jpg,15.4,4.45,7
41001_2016_04_02_2210.jpg,13.8,4.63,6
41001_2016_04_02_2310.jpg,13.7,2.29,6
41001_2016_04_03_0010.jpg,13.1,4.71,6
41001_2016_04_03_0110.jpg,12,4.37,6
41001_2016_04_03_0210.jpg,12.2,,6
41001_2016_04_03_0310.jpg,9,,5
41001_2016_04_03_0410.jpg,7.3,2.05,4
41001_2016_04_03_0510.jpg,8.6,,4
41001_2016_04_03_0610.jpg,15,,7
41001_2016_04_03_0710.jpg,14.7,2.3,7
41001_2016_04_03_0810.jpg,14.3,2.94,6
41001_2016_04_03_0910.jpg,14.5,2.98,7
41001_2016_04_03_1010.jpg,15.2,4.22,7
41001_2016_04_03_1110.jpg,15,2.97,7
41001_2016_04_03_1210.jpg,14.4,3.38,6
41001_2016_04_03_1310.jpg,13.8,2.59,6
41001_2016_04_03_1410.jpg,14.2,3.28,6
41001_2016_04_03_1510.jpg,13.3,3.15,6
41001_2016_04_03_1610.jpg,12.1,2.29,6
41001_2016_04_03_1710.jpg,11.3,2.35,5
41001_2016_04_03_1810.jpg,10.1,1.94,5
41001_2016_04_03_1910.jpg,11,2.36,5
41001_2016_04_03_2010.jpg,10.1,1.8,5
41001_2016_04_03_2110.jpg,8,1.7,4
41001_2016_04_03_2210.jpg,8.1,1.61,4
41001_2016_04_03_2310.jpg,7.3,1.13,4
41001_2016_04_04_0010.jpg,6.6,1.1,4
41001_2016_04_04_0110.jpg,5,0.91,3
41001_2016_04_04_0210.jpg,5.1,0.78,3
41001_2016_04_04_0310.jpg,4.6,0.56,3
41001_2016_04_04_0410.jpg,3.7,0.49,3
41001_2016_04_04_0510.jpg,1.9,0.47,1
41001_2016_04_04_0610.jpg,2,0.42,1
41001_2016_04_04_0710.jpg,1.2,0.39,1
41001_2016_04_04_0810.jpg,1,0.37,1
41001_2016_04_04_0910.jpg,1.4,0.33,1
41001_2016_04_04_1010.jpg,2.2,0.34,2
41001_2016_04_04_1110.jpg,2,0.32,1
41001_2016_04_04_1210.jpg,2.2,0.29,2
41001_2016_04_04_1310.jpg,3.1,0.27,2
41001_2016_04_04_1410.jpg,4,0.29,3
41001_2016_04_04_1510.jpg,5.9,0.5,4
41001_2016_04_04_1610.jpg,5.8,0.42,4
41001_2016_04_04_1710.jpg,5.3,0.39,3
41001_2016_04_04_1810.jpg,5.8,0.57,4
41001_2016_04_04_1910.jpg,6.3,0.72,4
41001_2016_04_04_2010.jpg,7.5,1,4
41001_2016_04_04_2110.jpg,7.8,,4
41001_2016_04_04_2210.jpg,7.6,1.06,4
41001_2016_04_04_2310.jpg,6.9,0.96,4
41001_2016_04_05_0010.jpg,6.3,1.07,4
41001_2016_04_05_0110.jpg,6.9,1.16,4
41001_2016_04_05_0210.jpg,7.9,1.15,4
41001_2016_04_05_0300.jpg,8.8,1.35,5
41001_2016_04_05_0410.jpg,8.2,1.25,4
41001_2016_04_05_0500.jpg,8.2,1.3,4
41001_2016_04_05_0610.jpg,9.3,1.49,5
41001_2016_04_05_0710.jpg,8.5,1.73,4
41001_2016_04_05_0810.jpg,10.1,1.67,5
41001_2016_04_05_0910.jpg,9.6,1.71,5
41001_2016_04_05_1010.jpg,9.1,2.06,5
41001_2016_04_05_1110.jpg,9,2.08,5
41001_2016_04_05_1210.jpg,9.8,1.93,5
41001_2016_04_05_1310.jpg,10,1.92,5
41001_2016_04_05_1410.jpg,9.5,,5
41001_2016_04_05_1500.jpg,13.3,,6
41001_2016_04_05_1610.jpg,13.4,,6
41001_2016_04_05_1710.jpg,14.9,,7
41001_2016_04_05_1810.jpg,7.4,4.34,4
41001_2016_04_05_1910.jpg,13.9,4.31,6
41001_2016_04_05_2010.jpg,14.1,2.84,6
41001_2016_04_05_2110.jpg,13,2.98,6
41001_2016_04_05_2210.jpg,13.2,2.61,6
41001_2016_04_05_2310.jpg,15.3,2.95,7
41001_2016_04_06_0010.jpg,14.6,2.99,7
41001_2016_04_06_0110.jpg,13.8,2.81,6
41001_2016_04_06_0210.jpg,13.2,2.93,6
41001_2016_04_06_0310.jpg,13.5,2.4,6
41001_2016_04_06_0410.jpg,13.7,,6
41001_2016_04_06_0510.jpg,13.6,,6
41001_2016_04_06_0610.jpg,12,,6
41001_2016_04_06_0710.jpg,11,2.26,5
41001_2016_04_06_0810.jpg,11,2.08,5
41001_2016_04_06_0910.jpg,9.4,1.95,5
41001_2016_04_06_1010.jpg,8.9,,5
41001_2016_04_06_1110.jpg,10.1,1.69,5
41001_2016_04_06_1210.jpg,8.3,1.24,4
41001_2016_04_06_1310.jpg,6.5,1.2,4
41001_2016_04_06_1410.jpg,5.5,1.02,3
41001_2016_04_06_1510.jpg,5.1,0.74,3
41001_2016_04_06_1610.jpg,4.5,0.51,3
41001_2016_04_06_1710.jpg,3.9,0.46,3
41001_2016_04_06_1810.jpg,4.6,0.44,3
41001_2016_04_06_1910.jpg,4.8,,3
41001_2016_04_06_2010.jpg,3.9,0.47,3
41001_2016_04_06_2110.jpg,6,0.89,4
41001_2016_04_06_2210.jpg,6.3,1,4
41001_2016_04_06_2310.jpg,6.8,1.05,4
41001_2016_04_07_0010.jpg,7.4,1.24,4
41001_2016_04_07_0110.jpg,8.5,1.51,4
41001_2016_04_07_0210.jpg,9.2,1.24,5
41001_2016_04_07_0310.jpg,9.1,1.33,5
41001_2016_04_07_0410.jpg,9.2,1.25,5
41001_2016_04_07_0510.jpg,9,1.66,5
41001_2016_04_07_0610.jpg,10.4,2.05,5
41001_2016_04_07_0710.jpg,9.4,1.63,5
41001_2016_04_07_0810.jpg,9.8,1.85,5
41001_2016_04_07_0910.jpg,10.3,1.84,5
41001_2016_04_07_1010.jpg,10.3,1.97,5
41001_2016_04_07_1110.jpg,12.3,2.25,6
41001_2016_04_07_1210.jpg,12.4,2.72,6
41001_2016_04_07_1310.jpg,12.6,2.93,6
41001_2016_04_07_1410.jpg,13,2.98,6
41001_2016_04_07_1510.jpg,14.2,3.09,6
41001_2016_04_07_1610.jpg,13.7,3.61,6
41001_2016_04_07_1710.jpg,13.6,3.52,6
41001_2016_04_07_1810.jpg,15,3.59,7
41001_2016_04_07_1910.jpg,15.7,3.95,7
41001_2016_04_07_2010.jpg,14.8,4.1,7
41001_2016_04_07_2110.jpg,15.3,4.57,7
41001_2016_04_07_2210.jpg,14.7,4.14,7
41001_2016_04_07_2310.jpg,12.3,4.74,6
41001_2016_04_08_0010.jpg,12.3,4.12,6
41001_2016_04_08_0110.jpg,14.1,,6
41001_2016_04_08_0210.jpg,13.1,,6
41001_2016_04_08_0310.jpg,12.1,,6
41001_2016_04_08_0410.jpg,9.2,,5
41001_2016_04_08_0510.jpg,11.4,3.08,6
41001_2016_04_08_0610.jpg,10.2,,5
41001_2016_04_08_0710.jpg,10.6,,5
41001_2016_04_08_0810.jpg,10.6,,5
41001_2016_04_08_0910.jpg,9.3,,5
41001_2016_04_08_1010.jpg,9.7,2.48,5
41001_2016_04_08_1110.jpg,8.6,2.75,4
41001_2016_04_08_1210.jpg,8.6,1.91,4
41001_2016_04_08_1310.jpg,8.3,1.64,4
41001_2016_04_08_1410.jpg,7.2,1.98,4
41001_2016_04_08_1510.jpg,8.1,3.06,4
41001_2016_04_08_1610.jpg,10.4,1.7,5
41001_2016_04_08_1710.jpg,7.7,1.76,4
41001_2016_04_08_1810.jpg,7.6,1.97,4
41001_2016_04_08_1910.jpg,7.6,1.56,4
41001_2016_04_08_2000.jpg,8.7,2.58,4
41001_2016_04_08_2110.jpg,8.6,,4
41001_2016_04_08_2210.jpg,8.7,,4
41001_2016_04_08_2310.jpg,6.9,1.29,4
41001_2016_04_09_0010.jpg,11.3,1.21,5
41001_2016_04_09_0110.jpg,12,1.22,6
41001_2016_04_09_0210.jpg,7.8,1.32,4
41001_2016_04_09_0310.jpg,5.8,0.7,4
41001_2016_04_09_0410.jpg,3.3,0.56,2
41001_2016_04_09_0510.jpg,3.3,0.53,2
41001_2016_04_09_0610.jpg,3.1,0.51,2
41001_2016_04_09_0710.jpg,2.9,0.48,2
41001_2016_04_09_0810.jpg,1.9,0.58,1
41001_2016_04_09_0900.jpg,4.8,0.52,3
41001_2016_04_09_1010.jpg,6.1,1.15,4
41001_2016_04_09_1110.jpg,7.9,1.89,4
41001_2016_04_09_1210.jpg,8.7,1.23,4
41001_2016_04_09_1310.jpg,6.7,1.18,4
41001_2016_04_09_1410.jpg,11.5,1.16,6
41001_2016_04_09_1510.jpg,13.3,1.85,6
41001_2016_04_09_1610.jpg,13.5,,6
41001_2016_04_09_1710.jpg,14.1,,6
41001_2016_04_09_1810.jpg,14.1,,6
41001_2016_04_09_1910.jpg,12.8,,6
41001_2016_04_09_2010.jpg,12,,6
41048_2018_08_19_0010.jpg,6.1,0.4,4
41048_2018_08_19_0110.jpg,6,0.4,4
41048_2018_08_19_0210.jpg,4.1,0.35,3
41048_2018_08_19_0310.jpg,5.9,0.57,4
41048_2018_08_19_0410.jpg,5.8,0.6,4
41048_2018_08_19_0510.jpg,5.8,0.58,4
41048_2018_08_19_0610.jpg,5.9,0.62,4
41048_2018_08_19_0710.jpg,5.7,0.71,4
41048_2018_08_19_0800.jpg,5.9,0.58,4
41048_2018_08_19_0910.jpg,5.4,0.6,3
41048_2018_08_19_1010.jpg,5.7,0.58,4
41048_2018_08_19_1110.jpg,5.2,0.58,3
41048_2018_08_19_1210.jpg,5.5,0.6,3
41048_2018_08_19_1310.jpg,5.1,0.53,3
41048_2018_08_19_1410.jpg,5,0.56,3
41048_2018_08_19_1450.jpg,5.3,0.56,3
41048_2018_08_19_1610.jpg,5.2,0.44,3
41048_2018_08_19_1710.jpg,4.7,0.51,3
41048_2018_08_19_1810.jpg,5.2,0.54,3
41048_2018_08_19_1910.jpg,5.2,0.48,3
41048_2018_08_19_2010.jpg,4.7,0.45,3
41048_2018_08_19_2110.jpg,4.9,0.43,3
41048_2018_08_19_2210.jpg,4.9,0.45,3
41048_2018_08_19_2310.jpg,4.6,0.43,3
41048_2018_08_20_0010.jpg,5.3,0.43,3
41048_2018_08_20_0110.jpg,4.3,0.35,3
41048_2018_08_20_0210.jpg,4.6,0.33,3
41048_2018_08_20_0310.jpg,4.1,0.37,3
41048_2018_08_20_0410.jpg,4.5,0.34,3
41048_2018_08_20_0500.jpg,4.3,0.34,3
41048_2018_08_20_0610.jpg,4.2,0.32,3
41048_2018_08_20_0710.jpg,4.3,0.35,3
41048_2018_08_20_0810.jpg,4.1,0.32,3
41048_2018_08_20_0910.jpg,3.2,0.33,2
41048_2018_08_20_1010.jpg,2.6,0.33,2
41048_2018_08_20_1110.jpg,3.2,0.32,2
41048_2018_08_20_1210.jpg,3,0.31,2
41048_2018_08_20_1310.jpg,3.3,0.29,2
41048_2018_08_20_1410.jpg,3.9,0.27,3
41048_2018_08_20_1510.jpg,4.1,0.28,3
41048_2018_08_20_1610.jpg,3.8,0.3,3
41048_2018_08_20_1710.jpg,3.5,0.28,2
41048_2018_08_20_1810.jpg,2.9,0.28,2
41048_2018_08_20_1910.jpg,2.7,0.25,2
41048_2018_08_20_2010.jpg,3.1,0.26,2
41048_2018_08_20_2110.jpg,3,0.25,2
41048_2018_08_20_2200.jpg,3,0.22,2
41048_2018_08_20_2310.jpg,3.1,0.21,2
41048_2018_08_21_0010.jpg,3.4,0.23,2
41048_2018_08_21_0110.jpg,3.8,0.22,3
41048_2018_08_21_0210.jpg,3.9,0.23,3
41048_2018_08_21_0310.jpg,3.5,0.22,2
41048_2018_08_21_0410.jpg,4.1,0.3,3
41048_2018_08_21_0510.jpg,3.6,0.3,2
41048_2018_08_21_0610.jpg,4.6,0.32,3
41048_2018_08_21_0710.jpg,4.2,0.31,3
41048_2018_08_21_0810.jpg,4.8,0.36,3
41048_2018_08_21_0910.jpg,4.7,0.32,3
41048_2018_08_21_1110.jpg,4.2,0.4,3
41048_2018_08_21_1200.jpg,5.2,0.55,3
41048_2018_08_21_1310.jpg,2,0.51,1
41048_2018_08_21_1410.jpg,4.5,0.68,3
41048_2018_08_21_1510.jpg,5.5,0.48,3
41048_2018_08_21_1610.jpg,5.6,0.55,3
41048_2018_08_21_1710.jpg,6,0.59,4
41048_2018_08_21_1810.jpg,4.9,0.63,3
41048_2018_08_21_1910.jpg,6.4,0.58,4
41048_2018_08_21_1950.jpg,6.5,0.58,4
41048_2018_08_21_2110.jpg,6,0.62,4
41048_2018_08_21_2200.jpg,5.4,0.58,3
41048_2018_08_21_2310.jpg,4.6,0.54,3
41048_2018_08_21_2350.jpg,5.3,0.54,3
41048_2018_08_22_0110.jpg,4.4,0.39,3
41048_2018_08_22_0210.jpg,4.3,0.39,3
41048_2018_08_22_0310.jpg,5.6,0.51,3
41048_2018_08_22_0410.jpg,5.5,0.46,3
41048_2018_08_22_0510.jpg,5.1,0.5,3
41048_2018_08_22_0610.jpg,6,0.56,4
41048_2018_08_22_0710.jpg,6,0.6,4
41048_2018_08_22_0800.jpg,5.9,0.65,4
41048_2018_08_22_0910.jpg,6.1,0.67,4
41048_2018_08_22_1000.jpg,6,0.66,4
41048_2018_08_22_1110.jpg,6.6,0.71,4
41048_2018_08_22_1200.jpg,7.6,0.68,4
41048_2018_08_22_1310.jpg,7.9,0.8,4
41048_2018_08_22_1400.jpg,7.5,0.74,4
41048_2018_08_22_1510.jpg,7,,4
41048_2018_08_22_1610.jpg,7.3,0.77,4
41048_2018_08_22_1700.jpg,6.7,0.77,4
41048_2018_08_22_1810.jpg,7.2,0.72,4
41048_2018_08_22_1910.jpg,6.6,0.76,4
41048_2018_08_22_2010.jpg,6.2,0.75,4
41048_2018_08_22_2110.jpg,6.3,0.71,4
41048_2018_08_22_2210.jpg,6.2,0.8,4
41048_2018_08_22_2310.jpg,5.1,0.8,3
41048_2018_08_23_0000.jpg,5.6,0.76,3
41048_2018_08_23_0110.jpg,5.7,0.69,4
41048_2018_08_23_0210.jpg,5.8,0.87,4
41048_2018_08_23_0310.jpg,6.6,0.86,4
41048_2018_08_23_0410.jpg,6.9,0.85,4
41048_2018_08_23_0510.jpg,6.8,0.97,4
41048_2018_08_23_0610.jpg,7.5,0.93,4
41048_2018_08_23_0710.jpg,7.9,0.95,4
41048_2018_08_23_0810.jpg,7.4,1.03,4
41048_2018_08_23_0910.jpg,7.5,1.02,4
41048_2018_08_23_1000.jpg,7.1,1.08,4
41048_2018_08_23_1110.jpg,7.3,1.05,4
41048_2018_08_23_1210.jpg,7.4,1.06,4
41048_2018_08_23_1310.jpg,6.6,1,4
41048_2018_08_23_1410.jpg,7.5,0.99,4
41048_2018_08_23_1510.jpg,6.3,1.06,4
41048_2018_08_23_1610.jpg,6.5,0.85,4
41048_2018_08_23_1710.jpg,7.2,0.77,4
41048_2018_08_23_1810.jpg,5.9,0.97,4
41048_2018_08_23_1910.jpg,6,0.99,4
41048_2018_08_23_2010.jpg,6.2,0.92,4
41048_2018_08_23_2110.jpg,5.8,0.88,4
41048_2018_08_23_2200.jpg,5.6,0.54,3
41048_2018_08_23_2310.jpg,5.3,0.46,3
41048_2018_08_24_0010.jpg,3.7,0.47,3
41048_2018_08_24_0110.jpg,4.2,0.42,3
41048_2018_08_24_0210.jpg,3.5,0.37,2
41048_2018_08_24_0310.jpg,3.1,0.35,2
41048_2018_08_24_0410.jpg,2.8,0.38,2
41048_2018_08_24_0450.jpg,5.1,0.38,3
41048_2018_08_24_0610.jpg,4.3,0.41,3
41048_2018_08_24_0710.jpg,2.6,0.37,2
41048_2018_08_24_0800.jpg,3.2,0.37,2
41048_2018_08_24_0910.jpg,3.2,0.34,2
41048_2018_08_24_1010.jpg,4.3,0.37,3
41048_2018_08_24_1100.jpg,4.1,0.37,3
41048_2018_08_24_1210.jpg,3.2,0.72,2
41048_2018_08_24_1300.jpg,5.7,0.68,4
41048_2018_08_24_1410.jpg,6.1,0.62,4
41048_2018_08_24_1510.jpg,5.1,0.62,3
41048_2018_08_24_1610.jpg,5.6,0.67,3
41048_2018_08_24_1710.jpg,7.5,0.59,4
41048_2018_08_24_1810.jpg,6.6,0.66,4
41048_2018_08_24_1910.jpg,6.5,0.76,4
41048_2018_08_24_2010.jpg,2.5,0.43,2
41048_2018_08_24_2110.jpg,3.7,0.55,3
41048_2018_08_24_2210.jpg,5.4,0.7,3
41048_2018_08_24_2310.jpg,5.5,0.54,3
41048_2018_08_25_0010.jpg,3.4,0.75,2
41048_2018_08_25_0110.jpg,2.6,0.49,2
41048_2018_08_25_0210.jpg,4.6,0.38,3
41048_2018_08_25_0310.jpg,4.1,0.55,3
41048_2018_08_25_0410.jpg,5.4,0.57,3
41048_2018_08_25_0510.jpg,5.2,0.68,3
41048_2018_08_25_0610.jpg,5.8,0.68,4
41048_2018_08_25_0710.jpg,6.2,0.73,4
41048_2018_08_25_0810.jpg,6.5,0.83,4
41048_2018_08_25_0910.jpg,6.5,0.71,4
41048_2018_08_25_1000.jpg,6.2,0.71,4
41048_2018_08_25_1110.jpg,5.7,0.68,4
41048_2018_08_25_1200.jpg,6.1,0.81,4
41048_2018_08_25_1310.jpg,5.7,0.73,4
41048_2018_08_25_1410.jpg,5.7,0.7,4
41048_2018_08_25_1510.jpg,5,0.64,3
41048_2018_08_25_1610.jpg,4.7,0.55,3
41048_2018_08_25_1710.jpg,4.4,0.38,3
41048_2018_08_25_1810.jpg,3.9,0.4,3
41048_2018_08_25_1910.jpg,3.3,0.36,2
41048_2018_08_25_2000.jpg,2.5,0.35,2
41048_2018_08_25_2100.jpg,3.5,0.38,2
41048_2018_08_25_2200.jpg,3.3,0.38,2
41048_2018_08_25_2310.jpg,3.4,0.34,2
41048_2018_08_26_0010.jpg,3.2,0.34,2
41048_2018_08_26_0110.jpg,3.9,0.34,3
41048_2018_08_26_0210.jpg,5,0.42,3
41048_2018_08_26_0310.jpg,5,0.43,3
41048_2018_08_26_0410.jpg,4.9,0.49,3
41048_2018_08_26_0510.jpg,5.2,0.41,3
41048_2018_08_26_0610.jpg,5.2,0.49,3
41048_2018_08_26_0700.jpg,5.1,0.47,3
41048_2018_08_26_0810.jpg,4.3,0.45,3
41048_2018_08_26_0910.jpg,3.8,0.43,3
41048_2018_08_26_1010.jpg,3.6,0.47,2
41048_2018_08_26_1110.jpg,2.1,0.36,2
41048_2018_08_26_1200.jpg,3.2,0.37,2
41048_2018_08_26_1310.jpg,2.7,0.34,2
41048_2018_08_26_1410.jpg,2.5,0.33,2
41048_2018_08_26_1510.jpg,2.5,0.32,2
41048_2018_08_26_1610.jpg,1.6,0.31,1
41048_2018_08_26_1710.jpg,1.8,0.32,1
41048_2018_08_26_1800.jpg,1.8,0.32,1
41048_2018_08_26_1910.jpg,0.7,0.27,1
41048_2018_08_26_2010.jpg,1.6,0.27,1
41048_2018_08_26_2110.jpg,1.2,0.26,1
41048_2018_08_26_2210.jpg,0.7,0.27,1
41048_2018_08_26_2310.jpg,1.3,0.3,1
41048_2018_08_27_0000.jpg,5.1,0.27,3
41048_2018_08_27_0110.jpg,0.5,0.27,0
41048_2018_08_27_0210.jpg,3.1,0.61,2
41048_2018_08_27_0310.jpg,3,0.25,2
41048_2018_08_27_0410.jpg,1.6,0.27,1
41048_2018_08_27_0510.jpg,1.7,0.29,1
41048_2018_08_27_0610.jpg,1.4,0.26,1
41048_2018_08_27_0710.jpg,2.5,0.28,2
41048_2018_08_27_0810.jpg,1.8,0.25,1
41048_2018_08_27_0900.jpg,2,0.25,1
41048_2018_08_27_1010.jpg,1.6,0.28,1
41048_2018_08_27_1110.jpg,1.2,0.26,1
41048_2018_08_27_1210.jpg,1.2,0.24,1
41048_2018_08_27_1310.jpg,1.3,0.23,1
41048_2018_08_27_1400.jpg,0.8,0.23,1
41048_2018_08_27_1510.jpg,1.4,0.25,1
41048_2018_08_27_1610.jpg,1.6,0.2,1
41048_2018_08_27_1710.jpg,0.8,0.22,1
41048_2018_08_27_1810.jpg,1.5,0.2,1
41048_2018_08_27_1900.jpg,0.9,0.18,1
41048_2018_08_27_2010.jpg,0.4,0.18,0
41048_2018_08_27_2100.jpg,0.7,0.2,1
41048_2018_08_27_2210.jpg,1.2,0.19,1
41048_2018_08_27_2310.jpg,1.3,0.2,1
41048_2018_08_28_0010.jpg,0.7,0.2,1
41048_2018_08_28_0110.jpg,0.2,0.21,0
41048_2018_08_28_0210.jpg,0.5,0.23,0
41048_2018_08_28_0310.jpg,0.7,0.22,1
41048_2018_08_28_0410.jpg,0.1,0.22,0
41048_2018_08_28_0510.jpg,0.4,0.19,0
41048_2018_08_28_0610.jpg,0.8,0.21,1
41048_2018_08_28_0710.jpg,0.8,0.21,1
41048_2018_08_28_0810.jpg,0.9,0.2,1
41048_2018_08_28_0910.jpg,0.5,0.2,0
41048_2018_08_28_1010.jpg,0.6,0.19,1
41048_2018_08_28_1100.jpg,0.2,0.19,0
41048_2018_08_28_1210.jpg,6.7,0.19,4
41048_2018_08_28_1310.jpg,0.4,0.17,0
41048_2018_08_28_1410.jpg,0.7,0.19,1
41048_2018_08_28_1510.jpg,0.6,0.2,1
41048_2018_08_28_1610.jpg,0.6,0.19,1
41048_2018_08_28_1710.jpg,2.5,0.17,2
41048_2018_08_28_1900.jpg,2.3,0.17,2
41048_2018_08_28_2010.jpg,1.3,0.15,1
41048_2018_08_28_2100.jpg,1.1,0.15,1
41048_2018_08_28_2210.jpg,0.5,0.15,0
41048_2018_08_28_2310.jpg,0,0.19,0
41048_2018_08_29_0010.jpg,1.1,0.17,1
41048_2018_08_29_0110.jpg,0.8,0.17,1
41048_2018_08_29_0210.jpg,1.2,0.17,1
41048_2018_08_29_0310.jpg,0.8,0.17,1
41048_2018_08_29_0410.jpg,0.9,0.16,1
41048_2018_08_29_0510.jpg,1.6,0.17,1
41048_2018_08_29_0610.jpg,1.7,0.15,1
41048_2018_08_29_0710.jpg,1.6,0.17,1
41048_2018_08_29_0810.jpg,3.8,0.16,3
41048_2018_08_29_0910.jpg,2.8,0.18,2
41048_2018_08_29_1010.jpg,5.7,0.16,4
41048_2018_08_29_1110.jpg,3,0.15,2
41048_2018_08_29_1210.jpg,3,0.14,2
41048_2018_08_29_1310.jpg,3,0.14,2
41048_2018_08_29_1410.jpg,2.9,0.14,2
41048_2018_08_29_1510.jpg,3.5,0.13,2
41048_2018_08_29_1610.jpg,2.6,0.12,2
41048_2018_08_29_1710.jpg,2.4,0.13,2
41048_2018_08_29_1810.jpg,1.8,0.13,1
41048_2018_08_29_1910.jpg,1.3,0.13,1
41048_2018_08_29_2010.jpg,1.4,0.12,1
41048_2018_08_29_2100.jpg,3.7,0.13,3
41048_2018_08_29_2210.jpg,1.3,0.13,1
41048_2018_08_29_2310.jpg,0.9,0.13,1
41048_2018_08_30_0010.jpg,1.3,0.14,1
41048_2018_08_30_0110.jpg,1,0.15,1
41048_2018_08_30_0210.jpg,0.2,0.13,0
41048_2018_08_30_0310.jpg,0.4,0.13,0
41048_2018_08_30_0410.jpg,0.1,0.14,0
41048_2018_08_30_0510.jpg,0.9,0.13,1
41048_2018_08_30_0610.jpg,1.7,0.13,1
41048_2018_08_30_0710.jpg,2.2,0.13,2
41048_2018_08_30_0810.jpg,2.6,0.13,2
41048_2018_08_30_0900.jpg,3.4,0.13,2
41048_2018_08_30_1010.jpg,3.1,0.12,2
41048_2018_08_30_1110.jpg,2.3,0.13,2
41048_2018_08_30_1210.jpg,2,0.14,1
41048_2018_08_30_1310.jpg,3,0.13,2
41048_2018_08_30_1410.jpg,2.8,0.15,2
41048_2018_08_30_1500.jpg,2.7,0.15,2
41048_2018_08_30_1610.jpg,2.1,0.15,2
41048_2018_08_30_1700.jpg,2.6,0.13,2
41048_2018_08_30_1810.jpg,2,0.13,1
41048_2018_08_30_1910.jpg,2.8,0.14,2
41048_2018_08_30_2010.jpg,1.5,0.11,1
41048_2018_08_30_2110.jpg,1.6,0.12,1
41048_2018_08_30_2210.jpg,1.6,0.13,1
41048_2018_08_30_2310.jpg,1.4,0.12,1
41048_2018_08_31_0010.jpg,2.1,0.11,2
41048_2018_08_31_0110.jpg,4.2,0.14,3
41048_2018_08_31_0210.jpg,3.2,0.14,2
41048_2018_08_31_0300.jpg,3,0.14,2
41048_2018_08_31_0410.jpg,2.2,0.14,2
41048_2018_08_31_0510.jpg,1.7,0.13,1
41048_2018_08_31_0550.jpg,2.5,0.13,2
41048_2018_08_31_0710.jpg,2.5,0.14,2
41048_2018_08_31_0810.jpg,1.3,0.14,1
41048_2018_08_31_0910.jpg,0.6,0.15,1
41048_2018_08_31_1000.jpg,1.7,0.14,1
41048_2018_08_31_1110.jpg,2.4,0.14,2
41048_2018_08_31_1300.jpg,3.8,0.15,3
41048_2018_08_31_1410.jpg,4,0.16,3
41048_2018_08_31_1510.jpg,4.1,0.18,3
41048_2018_08_31_1610.jpg,4.1,0.18,3
41048_2018_08_31_1710.jpg,4.5,0.21,3
41048_2018_08_31_1810.jpg,3.5,0.22,2
41048_2018_08_31_1910.jpg,4,0.18,3
41048_2018_08_31_2010.jpg,3.7,0.21,3
41048_2018_08_31_2110.jpg,3.3,0.21,2
41048_2018_08_31_2210.jpg,4.4,0.25,3
41048_2018_08_31_2310.jpg,4.3,0.24,3
41048_2018_09_01_0000.jpg,4,0.23,3
41048_2018_09_01_0110.jpg,4.3,0.22,3
41048_2018_09_01_0210.jpg,4.3,0.22,3
41048_2018_09_01_0310.jpg,3.6,0.22,2
41048_2018_09_01_0410.jpg,2.5,0.21,2
41048_2018_09_01_0510.jpg,2.8,0.21,2
41048_2018_09_01_0610.jpg,3.1,0.19,2
41048_2018_09_01_0710.jpg,2.4,0.2,2
41048_2018_09_01_0810.jpg,3.1,0.21,2
41048_2018_09_01_0910.jpg,3.3,0.21,2
41048_2018_09_01_1010.jpg,3.8,0.22,3
41048_2018_09_01_1110.jpg,3.4,0.22,2
41048_2018_09_01_1210.jpg,3.9,0.21,3
41048_2018_09_01_1310.jpg,3.9,0.22,3
41048_2018_09_01_1410.jpg,4.7,0.27,3
41048_2018_09_01_1510.jpg,4.9,0.31,3
41048_2018_09_01_1610.jpg,4.3,0.33,3
41048_2018_09_01_1710.jpg,4.8,0.36,3
41048_2018_09_01_1810.jpg,5.2,0.37,3
41048_2018_09_01_1910.jpg,4.8,0.38,3
41048_2018_09_01_2010.jpg,4.1,0.34,3
41048_2018_09_01_2110.jpg,5.1,0.36,3
41048_2018_09_01_2210.jpg,4.1,0.34,3
41048_2018_09_01_2310.jpg,4.5,0.35,3
41048_2018_09_02_0010.jpg,4.9,0.4,3
41048_2018_09_02_0110.jpg,5.5,0.43,3
41048_2018_09_02_0210.jpg,5.1,0.4,3
41048_2018_09_02_0310.jpg,4.4,0.39,3
41048_2018_09_02_0410.jpg,4.4,0.4,3
41048_2018_09_02_0510.jpg,4.8,0.37,3
41048_2018_09_02_0610.jpg,4.9,0.45,3
41048_2018_09_02_0710.jpg,5.1,0.48,3
41048_2018_09_02_0810.jpg,4.8,0.54,3
41048_2018_09_02_0910.jpg,5.5,0.53,3
41048_2018_09_02_1010.jpg,5.5,0.5,3
41048_2018_09_02_1110.jpg,4.3,0.44,3
41048_2018_09_02_1200.jpg,5,0.49,3
41048_2018_09_02_1310.jpg,5.2,0.52,3
41048_2018_09_02_1400.jpg,4.9,0.47,3
41048_2018_09_02_1510.jpg,4.8,0.47,3
41048_2018_09_02_1610.jpg,4.3,0.41,3
41048_2018_09_02_1710.jpg,4,0.41,3
41048_2018_09_02_1800.jpg,3.8,0.39,3
41048_2018_09_02_1910.jpg,4.1,0.37,3
41048_2018_09_02_2010.jpg,4.4,0.41,3
41048_2018_09_02_2110.jpg,4.9,0.41,3
41048_2018_09_02_2210.jpg,5.1,0.41,3
41048_2018_09_02_2310.jpg,5.6,0.44,3
41048_2018_09_03_0010.jpg,6.3,0.4,4
41048_2018_09_03_0110.jpg,5.3,0.49,3
41048_2018_09_03_0210.jpg,5,0.46,3
41048_2018_09_03_0310.jpg,5,0.42,3
41048_2018_09_03_0410.jpg,4.8,0.42,3
41048_2018_09_03_0510.jpg,4.8,0.4,3
41048_2018_09_03_0610.jpg,4.2,0.37,3
41048_2018_09_03_0710.jpg,4,0.41,3
41048_2018_09_03_0810.jpg,3.5,0.52,2
41048_2018_09_03_0910.jpg,3.5,0.41,2
41048_2018_09_03_1010.jpg,4.7,0.39,3
41048_2018_09_03_1110.jpg,4.4,0.4,3
41048_2018_09_03_1210.jpg,4.4,0.42,3
41048_2018_09_03_1310.jpg,4.5,0.41,3
41048_2018_09_03_1410.jpg,4.1,0.39,3
41048_2018_09_03_1510.jpg,3.7,0.34,3
41048_2018_09_03_1610.jpg,4,0.39,3
41048_2018_09_03_1710.jpg,4.7,0.38,3
41048_2018_09_03_1810.jpg,4.7,0.38,3
41048_2018_09_03_1910.jpg,4.1,0.37,3
41048_2018_09_03_2010.jpg,4.1,0.33,3
41048_2018_09_03_2110.jpg,4.6,0.36,3
41048_2018_09_03_2210.jpg,5.3,0.39,3
41048_2018_09_03_2310.jpg,4.2,0.36,3
41048_2018_09_04_0010.jpg,4.5,0.45,3
41048_2018_09_04_0110.jpg,4.9,0.4,3
41048_2018_09_04_0210.jpg,4.5,0.39,3
41048_2018_09_04_0310.jpg,4,0.39,3
41048_2018_09_04_0410.jpg,6.1,0.38,4
41048_2018_09_04_0510.jpg,4.7,0.47,3
41048_2018_09_04_0610.jpg,3.9,0.37,3
41048_2018_09_04_0710.jpg,4.5,0.47,3
41048_2018_09_04_0810.jpg,5.1,0.45,3
41048_2018_09_04_0910.jpg,5.9,0.52,4
41048_2018_09_04_1010.jpg,5.3,0.52,3
41048_2018_09_04_1110.jpg,5.2,0.61,3
41048_2018_09_04_1210.jpg,6.9,0.61,4
41048_2018_09_04_1300.jpg,6.2,0.63,4
41048_2018_09_04_1410.jpg,5.3,0.57,3
41048_2018_09_04_1510.jpg,5.1,0.57,3
41048_2018_09_04_1610.jpg,4.3,0.58,3
41048_2018_09_04_1710.jpg,4.7,0.43,3
41048_2018_09_04_1810.jpg,3.3,0.4,2
41048_2018_09_04_1910.jpg,4.5,0.49,3
41048_2018_09_04_2010.jpg,3.8,0.36,3
41048_2018_09_04_2110.jpg,4.4,0.37,3
41048_2018_09_04_2210.jpg,4.5,0.46,3
41048_2018_09_04_2310.jpg,4.5,0.5,3
41048_2018_09_05_0010.jpg,4.9,0.43,3
41048_2018_09_05_0110.jpg,4.9,0.51,3
41048_2018_09_05_0200.jpg,5.3,0.5,3
41048_2018_09_05_0300.jpg,5,0.43,3
41048_2018_09_05_0410.jpg,5.2,0.51,3
41048_2018_09_05_0510.jpg,4.9,0.48,3
41048_2018_09_05_0610.jpg,4.4,0.59,3
41048_2018_09_05_0710.jpg,5.5,0.58,3
41048_2018_09_05_0810.jpg,5.4,0.58,3
41048_2018_09_05_0910.jpg,6.1,0.64,4
41048_2018_09_05_1010.jpg,6.2,0.63,4
41048_2018_09_05_1110.jpg,5.6,0.71,3
41048_2018_09_05_1310.jpg,6,0.69,4
41048_2018_09_05_1410.jpg,5.8,0.84,4
41048_2018_09_05_1510.jpg,5.9,0.73,4
41048_2018_09_05_1610.jpg,5.2,0.73,3
41048_2018_09_05_1710.jpg,5.2,0.74,3
41048_2018_09_05_1810.jpg,5,0.56,3
41048_2018_09_05_1900.jpg,5.2,0.45,3
41048_2018_09_05_2010.jpg,3.9,0.43,3
41048_2018_09_05_2110.jpg,5.2,0.44,3
41048_2018_09_05_2210.jpg,3.4,0.54,2
41048_2018_09_05_2310.jpg,5,0.59,3
41048_2018_09_06_0010.jpg,5.2,0.58,3
41048_2018_09_06_0110.jpg,6,0.59,4
41048_2018_09_06_0210.jpg,5.4,0.6,3
41048_2018_09_06_0310.jpg,5.4,0.62,3
41048_2018_09_06_0410.jpg,4.3,0.64,3
41048_2018_09_06_0510.jpg,4.9,0.56,3
41048_2018_09_06_0610.jpg,3.8,0.58,3
41048_2018_09_06_0710.jpg,5.1,0.52,3
41048_2018_09_06_0810.jpg,4.7,0.41,3
41048_2018_09_06_0910.jpg,3.6,0.59,2
41048_2018_09_06_1010.jpg,4.5,0.54,3
41048_2018_09_06_1110.jpg,4.8,0.51,3
41048_2018_09_06_1210.jpg,4.1,0.59,3
41048_2018_09_06_1310.jpg,4.9,0.57,3
41048_2018_09_06_1410.jpg,5.2,0.55,3
41048_2018_09_06_1510.jpg,5,0.6,3
41048_2018_09_06_1610.jpg,4.5,0.66,3
41048_2018_09_06_1710.jpg,5.9,0.63,4
41048_2018_09_06_1810.jpg,5.1,0.61,3
41048_2018_09_06_1910.jpg,5.4,0.79,3
41048_2018_09_06_2010.jpg,6.3,0.63,4
41048_2018_09_06_2110.jpg,4,0.56,3
41048_2018_09_06_2210.jpg,5.5,0.49,3
41048_2018_09_06_2310.jpg,5.7,0.65,4
41048_2018_09_07_0000.jpg,5.7,0.73,4
41048_2018_09_07_0110.jpg,4.8,0.77,3
41048_2018_09_07_0210.jpg,5.3,0.81,3
41048_2018_09_07_0310.jpg,4.9,0.61,3
41048_2018_09_07_0410.jpg,5.4,0.55,3
41048_2018_09_07_0510.jpg,5.7,0.54,4
41048_2018_09_07_0600.jpg,4.8,0.46,3
41048_2018_09_07_0700.jpg,4.6,0.55,3
41048_2018_09_07_0810.jpg,5.9,0.55,4
41048_2018_09_07_0910.jpg,4.5,0.58,3
41048_2018_09_07_1010.jpg,5.2,0.6,3
41048_2018_09_07_1110.jpg,5.1,0.5,3
41048_2018_09_07_1210.jpg,5.3,0.51,3
41048_2018_09_07_1310.jpg,6.2,1.04,4
41048_2018_09_07_1410.jpg,7.4,1.05,4
41048_2018_09_07_1510.jpg,8.1,1.04,4
41048_2018_09_07_1610.jpg,6.6,0.93,4
41048_2018_09_07_1710.jpg,4,0.49,3
41048_2018_09_07_1810.jpg,3.6,0.46,2
41048_2018_09_07_1910.jpg,2.4,0.42,2
41048_2018_09_07_2010.jpg,3,0.38,2
41048_2018_09_07_2210.jpg,5.2,0.45,3
41048_2018_09_07_2310.jpg,4.9,0.47,3
41048_2018_09_08_0010.jpg,4.6,0.57,3
41048_2018_09_08_0110.jpg,6.1,0.6,4
41048_2018_09_08_0210.jpg,5.6,0.52,3
41048_2018_09_08_0310.jpg,5.9,0.6,4
41048_2018_09_08_0410.jpg,4.5,0.42,3
41048_2018_09_08_0510.jpg,2.6,0.42,2
41048_2018_09_08_0610.jpg,0.4,0.39,0
41048_2018_09_08_0710.jpg,1.1,0.42,1
41048_2018_09_08_0810.jpg,2.4,0.35,2
41048_2018_09_08_0910.jpg,2.6,0.32,2
41048_2018_09_08_1010.jpg,2.5,0.31,2
41048_2018_09_08_1110.jpg,2.7,0.28,2
41048_2018_09_08_1210.jpg,2.9,0.26,2
41048_2018_09_08_1310.jpg,2.2,0.22,2
41048_2018_09_08_1410.jpg,1.7,0.22,1
41048_2018_09_08_1510.jpg,1.4,0.21,1
41048_2018_09_08_1610.jpg,2.7,0.22,2
41048_2018_09_08_1710.jpg,1.5,0.25,1
41048_2018_09_08_1810.jpg,1.3,0.25,1
41048_2018_09_08_1910.jpg,1.8,0.28,1
41048_2018_09_08_2010.jpg,1.9,0.25,1
41048_2018_09_08_2110.jpg,2.3,0.25,2
41048_2018_09_08_2210.jpg,2,0.21,1
41048_2018_09_08_2310.jpg,1.8,0.19,1
41048_2018_09_09_0010.jpg,1.8,0.17,1
41048_2018_09_09_0110.jpg,1.9,0.17,1
41048_2018_09_09_0210.jpg,1.8,0.17,1
41048_2018_09_09_0310.jpg,2,0.16,1
41048_2018_09_09_0410.jpg,1.6,0.15,1
41048_2018_09_09_0510.jpg,0.8,0.17,1
41048_2018_09_09_0610.jpg,1.5,0.17,1
41048_2018_09_09_0710.jpg,1.4,0.17,1
41048_2018_09_09_0810.jpg,1.5,0.16,1
41048_2018_09_09_0910.jpg,1.8,0.15,1
41048_2018_09_09_1010.jpg,1.7,0.17,1
41048_2018_09_09_1040.jpg,1.8,0.17,1
41048_2018_09_09_1210.jpg,1.7,0.14,1
41048_2018_09_09_1310.jpg,1.5,0.14,1
41048_2018_09_09_1400.jpg,1.6,0.14,1
41048_2018_09_09_1510.jpg,1.9,0.13,1
41048_2018_09_09_1610.jpg,1.6,0.14,1
41048_2018_09_09_1710.jpg,2.4,0.12,2
41048_2018_09_09_1800.jpg,1.9,0.14,1
41048_2018_09_09_1910.jpg,1.8,0.14,1
41048_2018_09_09_2010.jpg,1.7,0.14,1
41048_2018_09_09_2110.jpg,1.4,0.13,1
41048_2018_09_09_2210.jpg,0.8,0.13,1
41048_2018_09_09_2310.jpg,0.8,0.14,1
41048_2018_09_10_0010.jpg,0.6,0.13,1
41048_2018_09_10_0100.jpg,1.4,0.13,1
41048_2018_09_10_0210.jpg,0.6,0.14,1
41048_2018_09_10_0300.jpg,1.2,0.16,1
41048_2018_09_10_0410.jpg,1.3,0.15,1
41048_2018_09_10_0510.jpg,1,0.15,1
41048_2018_09_10_0610.jpg,1.2,0.14,1
41048_2018_09_10_0710.jpg,0.9,0.14,1
41048_2018_09_10_0800.jpg,0.6,0.14,1
41048_2018_09_10_0910.jpg,0.7,0.14,1
41048_2018_09_10_1010.jpg,1.6,0.13,1
41048_2018_09_10_1100.jpg,1.7,0.13,1
41048_2018_09_10_1200.jpg,2.1,0.12,2
41048_2018_09_10_1310.jpg,2,0.11,1
41048_2018_09_10_1400.jpg,1.8,0.12,1
41048_2018_09_10_1510.jpg,1.2,0.13,1
41048_2018_09_10_1610.jpg,1.4,0.11,1
41048_2018_09_10_1710.jpg,2,0.13,1
41048_2018_09_10_1810.jpg,1.9,0.11,1
41048_2018_09_10_1910.jpg,2.4,0.11,2
41048_2018_09_10_2010.jpg,2.7,0.12,2
41048_2018_09_10_2100.jpg,3.3,0.12,2
41048_2018_09_10_2210.jpg,3.9,0.11,3
41048_2018_09_10_2310.jpg,4.4,0.17,3
41048_2018_09_11_0000.jpg,5,0.28,3
41048_2018_09_11_0110.jpg,4.4,0.36,3
41048_2018_09_11_0210.jpg,4.9,0.43,3
41048_2018_09_11_0310.jpg,4.4,0.36,3
41048_2018_09_11_0410.jpg,3.3,0.36,2
41048_2018_09_11_0510.jpg,4.1,0.36,3
41048_2018_09_11_0610.jpg,3,0.41,2
41048_2018_09_11_0710.jpg,3.5,0.35,2
41048_2018_09_11_0810.jpg,4.3,0.39,3
41048_2018_09_11_0910.jpg,5.2,0.5,3
41048_2018_09_11_1010.jpg,5.8,0.58,4
41048_2018_09_11_1110.jpg,6.7,0.72,4
41048_2018_09_11_1200.jpg,7.8,0.78,4
41048_2018_09_11_1310.jpg,7.9,0.94,4
41048_2018_09_11_1410.jpg,7.6,0.94,4
41048_2018_09_11_1510.jpg,6.7,0.98,4
41048_2018_09_11_1610.jpg,6.9,0.93,4
41048_2018_09_11_1710.jpg,6.6,0.99,4
41048_2018_09_11_1810.jpg,7,1.08,4
41048_2018_09_11_1910.jpg,8.1,0.99,4
41048_2018_09_11_2010.jpg,7.8,1.24,4
41048_2018_09_11_2110.jpg,7.7,1.21,4
41048_2018_09_11_2210.jpg,8.9,1.35,5
41048_2018_09_11_2310.jpg,8.7,1.72,4
41048_2018_09_12_0010.jpg,9.5,1.72,5
41048_2018_09_12_0110.jpg,10.2,1.9,5
41048_2018_09_12_0210.jpg,10.9,2.38,5
41048_2018_09_12_0310.jpg,11.1,2.58,5
41048_2018_09_12_0410.jpg,11.2,2.41,5
41048_2018_09_12_0500.jpg,11.2,2.74,5
41048_2018_09_12_0610.jpg,12.9,2.93,6
41048_2018_09_12_0710.jpg,14.2,3.96,6
41048_2018_09_12_0810.jpg,13.4,4.29,6
41048_2018_09_12_0910.jpg,14.7,5.72,7
41048_2018_09_12_1010.jpg,16.4,6.07,7
41048_2018_09_12_1100.jpg,15.2,6.97,7
41048_2018_09_12_1200.jpg,17,6.49,7
41048_2018_09_12_1310.jpg,21.4,6.8,9
41048_2018_09_12_1410.jpg,23.3,9.91,9
41048_2018_09_12_1510.jpg,22.1,10.4,9
41048_2018_09_12_1610.jpg,22.7,10.64,9
41048_2018_09_12_1710.jpg,22.1,10.26,9
41048_2018_09_12_1810.jpg,22,8.45,9
41048_2018_09_12_1910.jpg,20.6,9.37,8
41048_2018_09_12_2010.jpg,14.3,8.8,6
41048_2018_09_12_2110.jpg,17.2,7.27,7
41048_2018_09_12_2210.jpg,15.9,6.72,7
41048_2018_09_12_2310.jpg,15.7,5.47,7
41048_2018_09_13_0010.jpg,13.7,4.74,6
41048_2018_09_13_0110.jpg,14.5,3.69,7
41048_2018_09_13_0210.jpg,13.9,5.27,6
41048_2018_09_13_0310.jpg,13.8,5.1,6
41048_2018_09_13_0410.jpg,12.9,4.68,6
41048_2018_09_13_0510.jpg,11.9,4.84,6
41048_2018_09_13_0610.jpg,12.1,2.6,6
41048_2018_09_13_0710.jpg,12.4,3.12,6
41048_2018_09_13_0750.jpg,12.4,3.12,6
41048_2018_09_13_0910.jpg,11.3,4.35,5
41048_2018_09_13_1010.jpg,11.5,3.6,6
41048_2018_09_13_1200.jpg,10.4,3.23,5
41048_2018_09_13_1310.jpg,10,3.36,5
41048_2018_09_13_1410.jpg,9.9,3.02,5
41048_2018_09_13_1510.jpg,9.5,2.55,5
41048_2018_09_13_1600.jpg,10,2.64,5
41048_2018_09_13_1710.jpg,9.6,2.73,5
41048_2018_09_13_1910.jpg,8.9,1.92,5
41048_2018_09_13_2010.jpg,7.9,1.65,4
41048_2018_09_13_2110.jpg,6.9,1.79,4
41048_2018_09_13_2210.jpg,7.4,1.47,4
41048_2018_09_13_2310.jpg,6.9,1.36,4
41048_2018_09_14_0010.jpg,6.9,1.42,4
41048_2018_09_14_0110.jpg,7.1,1.22,4
41048_2018_09_14_0210.jpg,7.6,1.31,4
41048_2018_09_14_0310.jpg,7.3,1.32,4
41048_2018_09_14_0410.jpg,7.2,1.15,4
41048_2018_09_14_0510.jpg,6.8,0.95,4
41048_2018_09_14_0610.jpg,6.9,0.94,4
41048_2018_09_14_0710.jpg,5.7,0.84,4
41048_2018_09_14_0810.jpg,5.2,0.54,3
41048_2018_09_14_0910.jpg,4.7,0.57,3
41048_2018_09_14_1010.jpg,4.6,0.43,3
41048_2018_09_14_1110.jpg,3.9,0.4,3
41048_2018_09_14_1210.jpg,3.5,0.4,2
41048_2018_09_14_1310.jpg,3.7,0.39,3
41048_2018_09_14_1410.jpg,4.1,0.39,3
41048_2018_09_14_1510.jpg,4.3,0.42,3
41048_2018_09_14_1600.jpg,3.3,0.4,2
41048_2018_09_14_1710.jpg,3.3,0.4,2
41048_2018_09_14_1810.jpg,2.4,0.4,2
41048_2018_09_14_1910.jpg,3.7,0.38,3
41048_2018_09_14_2000.jpg,3.7,0.39,3
41048_2018_09_14_2110.jpg,3.6,0.41,2
41048_2018_09_14_2210.jpg,4,0.43,3
41048_2018_09_14_2310.jpg,3.2,0.43,2
41048_2018_09_15_0010.jpg,5.4,0.4,3
41048_2018_09_15_0100.jpg,4.5,0.41,3
41048_2018_09_15_0210.jpg,3.2,0.37,2
41048_2018_09_15_0310.jpg,3.2,0.32,2
41048_2018_09_15_0410.jpg,2.9,0.32,2
41048_2018_09_15_0510.jpg,2.4,0.3,2
41048_2018_09_15_0610.jpg,2.3,0.28,2
41048_2018_09_15_0710.jpg,2.5,0.25,2
41048_2018_09_15_0810.jpg,2.5,0.22,2
41048_2018_09_15_0910.jpg,1.9,0.22,1
41048_2018_09_15_1010.jpg,2.5,0.22,2
41048_2018_09_15_1110.jpg,3.2,0.23,2
41048_2018_09_15_1210.jpg,3.3,0.23,2
41048_2018_09_15_1310.jpg,3.8,0.25,3
41048_2018_09_15_1410.jpg,4.3,0.38,3
41048_2018_09_15_1510.jpg,4,0.29,3
41048_2018_09_15_1610.jpg,4.8,0.32,3
41048_2018_09_15_1710.jpg,3.8,0.38,3
41048_2018_09_15_1810.jpg,4.3,0.49,3
41048_2018_09_15_1900.jpg,5.6,0.6,3
41048_2018_09_15_2010.jpg,5.8,0.55,4
41048_2018_09_15_2110.jpg,6.2,0.62,4
41048_2018_09_15_2210.jpg,5.6,0.78,3
41048_2018_09_15_2310.jpg,6.2,0.89,4
41048_2018_09_16_0010.jpg,7.1,0.94,4
41048_2018_09_16_0110.jpg,6.6,0.86,4
41048_2018_09_16_0210.jpg,5.8,0.86,4
41048_2018_09_16_0300.jpg,6.2,0.75,4
41048_2018_09_16_0350.jpg,5.6,0.75,3
41048_2018_09_16_0510.jpg,4.9,0.59,3
41048_2018_09_16_0610.jpg,5.2,0.66,3
41048_2018_09_16_0700.jpg,5.4,0.68,3
41048_2018_09_16_0810.jpg,5.3,0.84,3
41048_2018_09_16_0900.jpg,6,1.01,4
41048_2018_09_16_1010.jpg,6.1,0.69,4
41048_2018_09_16_1110.jpg,6.3,0.91,4
41048_2018_09_16_1210.jpg,7,1.31,4
41048_2018_09_16_1300.jpg,7.7,1.13,4
41048_2018_09_16_1410.jpg,7.1,1.12,4
41048_2018_09_16_1510.jpg,6.5,1.07,4
41048_2018_09_16_1610.jpg,6.3,1.19,4
41048_2018_09_16_1710.jpg,6,1.03,4
41048_2018_09_16_1800.jpg,6.6,1.2,4
41048_2018_09_16_1910.jpg,6.6,1.21,4
41048_2018_09_16_2010.jpg,6.2,0.85,4
41048_2018_09_16_2110.jpg,6.1,1.04,4
41048_2018_09_16_2210.jpg,6.2,1.17,4
41048_2018_09_16_2310.jpg,6.5,1.31,4
41048_2018_09_17_0010.jpg,5.8,1.24,4
41048_2018_09_17_0110.jpg,7.5,1.16,4
41048_2018_09_17_0200.jpg,7.6,1.2,4
41048_2018_09_17_0310.jpg,6.6,1.1,4
41048_2018_09_17_0410.jpg,6.8,0.9,4
41048_2018_09_17_0510.jpg,6.8,0.78,4
41048_2018_09_17_0610.jpg,6.2,0.94,4
41048_2018_09_17_0710.jpg,5.8,0.69,4
41048_2018_09_17_0810.jpg,4.7,0.47,3
41048_2018_09_17_0910.jpg,3.4,0.47,2
41048_2018_09_17_1010.jpg,4,0.46,3
41048_2018_09_17_1110.jpg,2.9,0.48,2
41048_2018_09_17_1200.jpg,3.6,0.47,2
41048_2018_09_17_1310.jpg,2.7,0.48,2
41048_2018_09_17_1410.jpg,4.5,0.41,3
41048_2018_09_17_1510.jpg,4.2,0.62,3
41048_2018_09_17_1610.jpg,5.3,0.56,3
41048_2018_09_17_1710.jpg,5.5,0.95,3
41048_2018_09_17_1810.jpg,5.7,0.85,4
41048_2018_09_17_1910.jpg,6.4,0.66,4
41048_2018_09_17_2010.jpg,4.8,0.61,3
41048_2018_09_17_2110.jpg,4.9,0.54,3
41048_2018_09_17_2210.jpg,5.2,,3
41048_2018_11_01_0010.jpg,4.1,0.51,3
41048_2018_11_01_0110.jpg,3.2,0.44,2
41048_2018_11_01_0210.jpg,1.5,0.44,1
41048_2018_11_01_0310.jpg,0.8,0.41,1
41048_2018_11_01_0410.jpg,1.4,0.45,1
41048_2018_11_01_0510.jpg,2.5,0.41,2
41048_2018_11_01_0610.jpg,2.4,0.44,2
41048_2018_11_01_0710.jpg,2,0.4,1
41048_2018_11_01_0810.jpg,2.8,0.44,2
41048_2018_11_01_0910.jpg,3,0.35,2
41048_2018_11_01_1010.jpg,2.8,0.35,2
41048_2018_11_01_1100.jpg,2.8,0.32,2
41048_2018_11_01_1210.jpg,2.7,0.34,2
41048_2018_11_01_1310.jpg,1.9,0.34,1
41048_2018_11_01_1410.jpg,2.8,0.32,2
41048_2018_11_01_1510.jpg,2.6,0.3,2
41048_2018_11_01_1610.jpg,2.8,0.33,2
41048_2018_11_01_1710.jpg,3.1,0.3,2
41048_2018_11_01_1810.jpg,3.6,0.29,2
41048_2018_11_01_1900.jpg,4.5,,3
41048_2018_11_01_2100.jpg,4.9,0.36,3
41048_2018_11_01_2210.jpg,5,0.43,3
41048_2018_11_01_2310.jpg,5.1,0.45,3
41048_2018_11_02_0010.jpg,5.4,0.47,3
41048_2018_11_02_0110.jpg,6,0.54,4
41048_2018_11_02_0210.jpg,5.3,0.56,3
41048_2018_11_02_0310.jpg,6.3,0.67,4
41048_2018_11_02_0410.jpg,6.3,0.75,4
41048_2018_11_02_0510.jpg,6.7,0.81,4
41048_2018_11_02_0610.jpg,7.5,0.87,4
41048_2018_11_02_0710.jpg,6.3,0.92,4
41048_2018_11_02_0810.jpg,7.4,0.99,4
41048_2018_11_02_0910.jpg,8.3,1.17,4
41048_2018_11_02_1010.jpg,9.2,1.38,5
41048_2018_11_02_1110.jpg,9.3,1.48,5
41048_2018_11_02_1200.jpg,9.4,1.59,5
41048_2018_11_02_1310.jpg,8.2,1.46,4
41048_2018_11_02_1410.jpg,8.3,1.44,4
41048_2018_11_02_1510.jpg,9.6,1.54,5
41048_2018_11_02_1710.jpg,11,1.81,5
41048_2018_11_02_1800.jpg,11.2,2.15,5
41048_2018_11_02_1910.jpg,10.7,1.93,5
41048_2018_11_02_2010.jpg,10.3,2.09,5
41048_2018_11_02_2210.jpg,10.1,2.17,5
41048_2018_11_02_2310.jpg,10.1,2,5
41048_2018_11_03_0010.jpg,10.6,2.19,5
41048_2018_11_03_0110.jpg,10.5,2.15,5
41048_2018_11_03_0200.jpg,11,2.14,5
41048_2018_11_03_0310.jpg,11.7,2.22,6
41048_2018_11_03_0410.jpg,11.7,2.4,6
41048_2018_11_03_0510.jpg,11.6,2.43,6
41048_2018_11_03_0610.jpg,12.8,2.7,6
41048_2018_11_03_0700.jpg,12.4,3.03,6
41048_2018_11_03_0810.jpg,12.1,2.86,6
41048_2018_11_03_0910.jpg,12.4,3.2,6
41048_2018_11_03_1010.jpg,12.8,3.36,6
41048_2018_11_03_1050.jpg,10.3,3.36,5
41048_2018_11_03_1210.jpg,12.4,3.27,6
41048_2018_11_03_1310.jpg,12.7,3.05,6
41048_2018_11_03_1410.jpg,11.5,3.07,6
41048_2018_11_03_1510.jpg,12,3.44,6
41048_2018_11_03_1610.jpg,12.3,2.64,6
41048_2018_11_03_1710.jpg,11.3,2.5,5
41048_2018_11_03_1810.jpg,10.6,3.28,5
41048_2018_11_03_1900.jpg,10.3,2.74,5
41048_2018_11_03_2010.jpg,10.3,2.67,5
41048_2018_11_03_2110.jpg,9.4,2.92,5
41048_2018_11_03_2210.jpg,9.1,2.68,5
41048_2018_11_03_2310.jpg,9.6,2.21,5
41048_2018_11_04_0010.jpg,6.7,1.24,4
41048_2018_11_04_0110.jpg,6.6,0.98,4
41048_2018_11_04_0210.jpg,5.6,0.6,3
41048_2018_11_04_0310.jpg,3.8,0.54,3
41048_2018_11_04_0410.jpg,4.2,0.53,3
41048_2018_11_04_0510.jpg,3.6,0.51,2
41048_2018_11_04_0710.jpg,4.5,0.52,3
41048_2018_11_04_0810.jpg,5.5,1.14,3
41048_2018_11_04_0910.jpg,6.8,1.69,4
41048_2018_11_04_1010.jpg,7.9,1.45,4
41048_2018_11_04_1110.jpg,7.4,1.53,4
41048_2018_11_04_1200.jpg,8.5,1.53,4
41048_2018_11_04_1310.jpg,8.1,1.6,4
41048_2018_11_04_1410.jpg,8.1,1.75,4
41048_2018_11_04_1510.jpg,8.6,1.74,4
41048_2018_11_04_1610.jpg,8.8,1.98,5
41048_2018_11_04_1710.jpg,8.1,1.9,4
41048_2018_11_04_1810.jpg,8.9,1.94,5
41048_2018_11_04_1910.jpg,9.3,2.24,5
41048_2018_11_04_2010.jpg,9.5,2.23,5
41048_2018_11_04_2110.jpg,10.6,2.18,5
41048_2018_11_04_2210.jpg,10.7,2.2,5
41048_2018_11_04_2310.jpg,10.4,2.18,5
41048_2018_11_05_0000.jpg,10.6,2.16,5
41048_2018_11_05_0110.jpg,9.5,1.93,5
41048_2018_11_05_0210.jpg,9.6,1.91,5
41048_2018_11_05_0310.jpg,4.1,0.61,3
41048_2018_11_05_0410.jpg,5.5,0.87,3
41048_2018_11_05_0510.jpg,5.1,0.55,3
41048_2018_11_05_0610.jpg,4.2,0.66,3
41048_2018_11_05_0710.jpg,5.7,0.72,4
41048_2018_11_05_0810.jpg,6.2,0.79,4
41048_2018_11_05_0910.jpg,5.9,0.72,4
41048_2018_11_05_1010.jpg,5.9,1.07,4
41048_2018_11_05_1110.jpg,6.2,0.98,4
41048_2018_11_05_1210.jpg,6.6,0.92,4
41048_2018_11_05_1310.jpg,6,0.71,4
41048_2018_11_05_1410.jpg,5.3,0.81,3
41048_2018_11_05_1510.jpg,5.6,0.96,3
41048_2018_11_05_1610.jpg,6,0.81,4
41048_2018_11_05_1700.jpg,6.3,0.74,4
41048_2018_11_05_1810.jpg,5.1,0.83,3
41048_2018_11_05_1910.jpg,7.1,1.14,4
41048_2018_11_05_2010.jpg,6.5,1.09,4
41048_2018_11_05_2100.jpg,6.7,1.28,4
41048_2018_11_05_2210.jpg,6.8,1.06,4
41048_2018_11_05_2310.jpg,5.8,1.03,4
41048_2018_11_06_0010.jpg,7.4,1.13,4
41048_2018_11_06_0110.jpg,6.1,0.93,4
41048_2018_11_06_0210.jpg,6,0.8,4
41048_2018_11_06_0300.jpg,5.5,0.75,3
41048_2018_11_06_0410.jpg,6.3,0.96,4
41048_2018_11_06_0510.jpg,7,1.05,4
41048_2018_11_06_0610.jpg,7.1,1.06,4
41048_2018_11_06_0710.jpg,7.1,0.95,4
41048_2018_11_06_0810.jpg,6.1,1,4
41048_2018_11_06_0910.jpg,6.5,0.86,4
41048_2018_11_06_1000.jpg,6.7,0.8,4
41048_2018_11_06_1110.jpg,5.9,0.9,4
41048_2018_11_06_1200.jpg,5.8,0.79,4
41048_2018_11_06_1310.jpg,6.1,0.91,4
41048_2018_11_06_1410.jpg,5,0.86,3
41048_2018_11_06_1510.jpg,6.1,1.08,4
41048_2018_11_06_1550.jpg,6.9,1.08,4
41048_2018_11_06_1710.jpg,6.7,0.95,4
41048_2018_11_06_1810.jpg,6.7,1.07,4
41048_2018_11_06_1910.jpg,5.3,0.96,3
41048_2018_11_06_2010.jpg,6.9,1.16,4
41048_2018_11_06_2110.jpg,7.1,1.22,4
41048_2018_11_06_2210.jpg,6.9,1.18,4
41048_2018_11_06_2310.jpg,7.4,1.08,4
41048_2018_11_07_0010.jpg,7.2,1.25,4
41048_2018_11_07_0110.jpg,7.4,1.19,4
41048_2018_11_07_0210.jpg,7.5,1.13,4
41048_2018_11_07_0310.jpg,7.8,1.17,4
41048_2018_11_07_0410.jpg,7.9,1.28,4
41048_2018_11_07_0510.jpg,8.7,1.31,4
41048_2018_11_07_0610.jpg,8.4,1.45,4
41048_2018_11_07_0710.jpg,9,1.61,5
41048_2018_11_07_0810.jpg,8.7,1.48,4
41048_2018_11_07_0910.jpg,8.9,1.66,5
41048_2018_11_07_1010.jpg,8,1.53,4
41048_2018_11_07_1110.jpg,7.8,1.45,4
41048_2018_11_07_1210.jpg,7.8,1.42,4
41048_2018_11_07_1310.jpg,6.6,1.49,4
41048_2018_11_07_1410.jpg,7,1.23,4
41048_2018_11_07_1510.jpg,7.4,1.44,4
41048_2018_11_07_1610.jpg,7.8,1.49,4
41048_2018_11_07_1710.jpg,8.7,1.34,4
41048_2018_11_07_1810.jpg,7.5,1.39,4
41048_2018_11_07_1910.jpg,7.8,1.14,4
41048_2018_11_07_2010.jpg,4.6,0.67,3
41048_2018_11_07_2110.jpg,4.4,0.46,3
41048_2018_11_07_2210.jpg,3.7,0.43,3
41048_2018_11_07_2310.jpg,2.7,0.41,2
41048_2018_11_08_0010.jpg,2.5,0.43,2
41048_2018_11_08_0110.jpg,2.3,0.42,2
41048_2018_11_08_0210.jpg,3.3,0.41,2
41048_2018_11_08_0310.jpg,2.8,0.41,2
41048_2018_11_08_0410.jpg,3.3,0.42,2
41048_2018_11_08_0510.jpg,4,0.42,3
41048_2018_11_08_0600.jpg,3.6,0.41,2
41048_2018_11_08_0700.jpg,3.2,0.36,2
41048_2018_11_08_0810.jpg,2.8,0.37,2
41048_2018_11_08_1000.jpg,4.5,0.51,3
41048_2018_11_08_1110.jpg,4.8,0.72,3
41048_2018_11_08_1210.jpg,2.9,0.77,2
41048_2018_11_08_1310.jpg,6.6,0.91,4
41048_2018_11_08_1410.jpg,7.1,0.93,4
41048_2018_11_08_1610.jpg,7.2,0.99,4
41048_2018_11_08_1710.jpg,7.2,1.07,4
41048_2018_11_08_1810.jpg,7.6,1.15,4
41048_2018_11_08_1910.jpg,7.9,1.19,4
41048_2018_11_08_2000.jpg,7,1.19,4
41048_2018_11_08_2110.jpg,5.1,1.28,3
41048_2018_11_08_2210.jpg,4.1,0.51,3
41048_2018_11_08_2310.jpg,2.1,0.54,2
41048_2018_11_09_0000.jpg,1.8,0.53,1
41048_2018_11_09_0110.jpg,0.3,0.53,0
41048_2018_11_09_0210.jpg,1.9,0.51,1
41048_2018_11_09_0310.jpg,0.5,0.53,0
41048_2018_11_09_0410.jpg,0.9,0.53,1
41048_2018_11_09_0510.jpg,4.1,0.77,3
41048_2018_11_09_0610.jpg,7.6,1.68,4
41048_2018_11_09_0710.jpg,4.8,2.42,3
41048_2018_11_09_0810.jpg,10.9,2.38,5
41048_2018_11_09_0910.jpg,9.5,2.37,5
41048_2018_11_09_1010.jpg,10.2,2.16,5
41048_2018_11_09_1110.jpg,10.7,2.62,5
41048_2018_11_09_1200.jpg,11.1,2.46,5
41048_2018_11_09_1310.jpg,10.3,2.81,5
41048_2018_11_09_1400.jpg,10.4,2.63,5
41048_2018_11_09_1510.jpg,9.8,2.62,5
41048_2018_11_09_1610.jpg,9.1,2.48,5
41048_2018_11_09_1700.jpg,8.4,1.81,4
41048_2018_11_09_1810.jpg,6.3,1.09,4
41048_2018_11_09_1910.jpg,6.3,1.33,4
41048_2018_11_09_2010.jpg,6.2,0.99,4
41048_2018_11_09_2110.jpg,6.2,1.07,4
41048_2018_11_09_2210.jpg,6.2,0.92,4
41048_2018_11_09_2310.jpg,5.8,0.9,4
41048_2018_11_10_0010.jpg,7.2,1.34,4
41048_2018_11_10_0110.jpg,7.5,1.08,4
41048_2018_11_10_0210.jpg,8.7,1.43,4
41048_2018_11_10_0310.jpg,8.6,1.35,4
41048_2018_11_10_0410.jpg,9.4,1.56,5
41048_2018_11_10_0510.jpg,9,1.49,5
41048_2018_11_10_0610.jpg,8.9,1.6,5
41048_2018_11_10_0710.jpg,9.5,1.68,5
41048_2018_11_10_0800.jpg,8.5,1.55,4
41048_2018_11_10_0910.jpg,8.5,1.56,4
41048_2018_11_10_1010.jpg,8.1,1.52,4
41048_2018_11_10_1110.jpg,8,1.49,4
41048_2018_11_10_1210.jpg,8.3,1.5,4
41048_2018_11_10_1310.jpg,8.8,1.59,5
41048_2018_11_10_1410.jpg,9.2,1.6,5
41048_2018_11_10_1510.jpg,8.8,1.75,5
41048_2018_11_10_1600.jpg,8.8,1.74,5
41048_2018_11_10_1700.jpg,8.3,1.66,4
41048_2018_11_10_1810.jpg,9.3,1.84,5
41048_2018_11_10_1910.jpg,8.7,1.87,4
41048_2018_11_10_2010.jpg,8.6,1.86,4
41048_2018_11_10_2110.jpg,10,1.8,5
41048_2018_11_10_2210.jpg,12.2,2.05,6
41048_2018_11_10_2310.jpg,12.8,2.24,6
41048_2018_11_11_0010.jpg,12.1,2.57,6
41048_2018_11_11_0110.jpg,12.6,2.72,6
41048_2018_11_11_0210.jpg,12.1,3.31,6
41048_2018_11_11_0310.jpg,11.9,2.88,6
41048_2018_11_11_0410.jpg,10.2,3.37,5
41048_2018_11_11_0510.jpg,9.9,2.72,5
41048_2018_11_11_0610.jpg,8.5,2.37,4
41048_2018_11_11_0710.jpg,9.4,2.06,5
41048_2018_11_11_0810.jpg,8.9,2.39,5
41048_2018_11_11_0910.jpg,8.9,2.33,5
41048_2018_11_11_1010.jpg,8,1.9,4
41048_2018_11_11_1110.jpg,8,1.88,4
41048_2018_11_11_1210.jpg,7.8,1.87,4
41048_2018_11_11_1300.jpg,8.4,1.71,4
41048_2018_11_11_1400.jpg,7.6,1.59,4
41048_2018_11_11_1510.jpg,8.3,1.5,4
41048_2018_11_11_1610.jpg,7,1.48,4
41048_2018_11_11_1710.jpg,6.6,1.24,4
41048_2018_11_11_1800.jpg,6.6,1.14,4
41048_2018_11_11_1910.jpg,7.5,1.33,4
41048_2018_11_11_2010.jpg,7,1.23,4
41048_2018_11_11_2110.jpg,6.4,1.25,4
41048_2018_11_11_2210.jpg,5.8,1.15,4
41048_2018_11_11_2310.jpg,6.7,1.19,4
41048_2018_11_12_0010.jpg,6.1,1.17,4
41048_2018_11_12_0110.jpg,6.4,0.96,4
41048_2018_11_12_0210.jpg,5.5,1,3
41048_2018_11_12_0310.jpg,6.1,0.82,4
41048_2018_11_12_0410.jpg,5.8,0.82,4
41048_2018_11_12_0610.jpg,4.7,0.55,3
41048_2018_11_12_0710.jpg,4.6,0.52,3
41048_2018_11_12_0810.jpg,4.1,0.43,3
41048_2018_11_12_0910.jpg,3.3,0.63,2
41048_2018_11_12_1010.jpg,6.4,0.85,4
41048_2018_11_12_1110.jpg,5.1,0.5,3
41048_2018_11_12_1210.jpg,5.3,0.64,3
41048_2018_11_12_1310.jpg,4.3,0.46,3
41048_2018_11_12_1410.jpg,3.8,0.45,3
41048_2018_11_12_1510.jpg,5,0.47,3
41048_2018_11_12_1610.jpg,3.9,0.43,3
41048_2018_11_12_1700.jpg,4.2,0.39,3
41048_2018_11_12_1810.jpg,3.9,0.4,3
41048_2018_11_12_1910.jpg,4.4,0.45,3
41048_2018_11_12_2000.jpg,4.8,0.42,3
41048_2018_11_12_2110.jpg,4.1,0.39,3
41048_2018_11_12_2210.jpg,5.5,0.44,3
41048_2018_11_12_2310.jpg,4.5,0.44,3
41048_2018_11_13_0010.jpg,5.2,0.43,3
41048_2018_11_13_0110.jpg,5.4,0.87,3
41048_2018_11_13_0210.jpg,6.8,0.71,4
41048_2018_11_13_0310.jpg,6.3,0.77,4
41048_2018_11_13_0410.jpg,7.4,0.79,4
41048_2018_11_13_0510.jpg,7.6,0.91,4
41048_2018_11_13_0610.jpg,8.7,1.1,4
41048_2018_11_13_0710.jpg,9.4,1.3,5
41048_2018_11_13_0800.jpg,10.4,1.33,5
41048_2018_11_13_0910.jpg,10.1,1.71,5
41048_2018_11_13_1010.jpg,10.7,1.91,5
41048_2018_11_13_1100.jpg,9.9,1.8,5
41048_2018_11_13_1210.jpg,8.9,1.66,5
41048_2018_11_13_1310.jpg,9,1.69,5
41048_2018_11_13_1410.jpg,10.5,1.88,5
41048_2018_11_13_1450.jpg,10.7,1.88,5
41048_2018_11_13_1610.jpg,12.3,2.2,6
41048_2018_11_13_1710.jpg,12.5,2.58,6
41048_2018_11_13_1810.jpg,12.6,3.21,6
41048_2018_11_13_1910.jpg,12.2,2.74,6
41048_2018_11_13_2010.jpg,12,2.84,6
41048_2018_11_13_2110.jpg,12.9,2.93,6
41048_2018_11_13_2200.jpg,10.8,2.94,5
41048_2018_11_13_2310.jpg,10.4,2.55,5
41048_2018_11_14_0010.jpg,12.2,3.25,6
41048_2018_11_14_0110.jpg,11.2,3.39,5
41048_2018_11_14_0210.jpg,12.4,2.88,6
41048_2018_11_14_0310.jpg,11.2,3.35,5
41048_2018_11_14_0410.jpg,10.8,3.08,5
41048_2018_11_14_0510.jpg,10.1,3.02,5
41048_2018_11_14_0610.jpg,7.7,2.25,4
41048_2018_11_14_0650.jpg,8.2,2.25,4
41048_2018_11_14_0810.jpg,8.7,2.84,4
41048_2018_11_14_0910.jpg,9.8,2.58,5
41048_2018_11_14_1010.jpg,9.6,2.54,5
41048_2018_11_14_1110.jpg,9.4,2.52,5
41048_2018_11_14_1210.jpg,10,2.53,5
41048_2018_11_14_1310.jpg,10.1,2.51,5
41048_2018_11_14_1410.jpg,10.1,2.4,5
41048_2018_11_14_1510.jpg,9.7,2.62,5
41048_2018_11_14_1540.jpg,9.3,2.62,5
41048_2018_11_14_1710.jpg,8.5,2.34,4
41048_2018_11_14_1810.jpg,7.7,2.35,4
41048_2018_11_14_1910.jpg,8.7,2.28,4
41048_2018_11_14_2010.jpg,8.5,,4
41048_2018_11_14_2210.jpg,10.1,2.82,5
41048_2018_11_15_0110.jpg,8.8,2.21,5
41048_2018_11_15_0210.jpg,8.7,2.34,4
41048_2018_11_15_0310.jpg,8.3,1.94,4
41048_2018_11_15_0410.jpg,7.7,2.32,4
41048_2018_11_15_0510.jpg,8.5,2.37,4
41048_2018_11_15_0610.jpg,9.1,2.02,5
41048_2018_11_15_0710.jpg,9.9,2.35,5
41048_2018_11_15_0810.jpg,8.9,2.35,5
41048_2018_11_15_0910.jpg,9.7,2.34,5
41048_2018_11_15_1010.jpg,7.6,1.81,4
41048_2018_11_15_1110.jpg,8.3,2.81,4
41048_2018_11_15_1210.jpg,9.2,2.23,5
41048_2018_11_15_1300.jpg,10.2,2.69,5
41048_2018_11_15_1400.jpg,9.6,2.82,5
41048_2018_11_15_1500.jpg,10,2.74,5
41048_2018_11_15_1610.jpg,10.3,2.27,5
41048_2018_11_15_1710.jpg,10.8,2.38,5
41048_2018_11_15_1810.jpg,11.2,3.08,5
41048_2018_11_15_1910.jpg,11,2.4,5
41048_2018_11_15_2010.jpg,11.8,2.72,6
41048_2018_11_15_2110.jpg,12.2,3.37,6
41048_2018_11_15_2210.jpg,13.4,3.05,6
41048_2018_11_15_2310.jpg,13.3,3.14,6
41048_2018_11_16_0010.jpg,13.8,3.31,6
41048_2018_11_16_0110.jpg,14.5,3.45,7
41048_2018_11_16_0210.jpg,14.3,3.63,6
41048_2018_11_16_0310.jpg,14.3,3.67,6
41048_2018_11_16_0410.jpg,13.6,4.25,6
41048_2018_11_16_0510.jpg,14.6,3.98,7
41048_2018_11_16_0610.jpg,14.7,4.45,7
41048_2018_11_16_0710.jpg,15.1,3.85,7
41048_2018_11_16_0810.jpg,16.1,4.41,7
41048_2018_11_16_0910.jpg,15.6,4.54,7
41048_2018_11_16_1010.jpg,17.5,5.1,8
41048_2018_11_16_1110.jpg,12.7,4.87,6
41048_2018_11_16_1210.jpg,12.8,4.21,6
41048_2018_11_16_1310.jpg,14.7,4.63,7
41048_2018_11_16_1400.jpg,13.8,4.85,6
41048_2018_11_16_1510.jpg,14,4.31,6
41048_2018_11_16_1610.jpg,12.9,4.71,6
41048_2018_11_16_1710.jpg,13.1,3.87,6
41048_2018_11_16_1800.jpg,12.4,5.31,6
41048_2018_11_16_1910.jpg,12.3,4.04,6
41048_2018_11_16_2010.jpg,12,4.62,6
41048_2018_11_16_2110.jpg,12.1,4.16,6
41048_2018_11_16_2210.jpg,11.3,3.42,5
41048_2018_11_17_0010.jpg,10.6,2.65,5
41048_2018_11_17_0110.jpg,10.7,3.37,5
41048_2018_11_17_0210.jpg,10.6,3.24,5
41048_2018_11_17_0310.jpg,10.8,3.17,5
41048_2018_11_17_0410.jpg,9.9,2.6,5
41048_2018_11_17_0510.jpg,9.8,3.76,5
41048_2018_11_17_0610.jpg,9,2.6,5
41048_2018_11_17_0710.jpg,9.5,2.6,5
41048_2018_11_17_0810.jpg,9.8,3.08,5
41048_2018_11_17_0910.jpg,9.7,3.6,5
41048_2018_11_17_1010.jpg,7.3,2.67,4
41048_2018_11_17_1110.jpg,9.1,2.08,5
41048_2018_11_17_1210.jpg,8.1,1.66,4
41048_2018_11_17_1310.jpg,6.7,1.3,4
41048_2018_11_17_1410.jpg,8,2.08,4
41048_2018_11_17_1510.jpg,7.2,1.34,4
41048_2018_11_17_1610.jpg,6.5,1.38,4
41048_2018_11_17_1710.jpg,7.1,1.38,4
41048_2018_11_17_1810.jpg,6.7,1.37,4
41048_2018_11_17_1910.jpg,6.8,1.29,4
41048_2018_11_17_2010.jpg,5.7,1.14,4
41048_2018_11_17_2110.jpg,6.2,0.99,4
41048_2018_11_17_2210.jpg,6,1.16,4
41048_2018_11_17_2310.jpg,6.2,1.35,4
41048_2018_11_18_0010.jpg,6,1.35,4
41048_2018_11_18_0110.jpg,5.7,1.25,4
41048_2018_11_18_0210.jpg,6.5,1.74,4
41048_2018_11_18_0310.jpg,6.1,1.1,4
41048_2018_11_18_0410.jpg,4.4,0.7,3
41048_2018_11_18_0510.jpg,4.5,0.64,3
41048_2018_11_18_0610.jpg,6.2,0.67,4
41048_2018_11_18_0710.jpg,5.6,0.54,3
41048_2018_11_18_0810.jpg,5.5,0.67,3
41048_2018_11_18_0910.jpg,5.8,0.53,4
41048_2018_11_18_1010.jpg,5.4,0.46,3
41048_2018_11_18_1100.jpg,5.2,0.85,3
41048_2018_11_18_1210.jpg,3.4,0.53,2
41048_2018_11_18_1310.jpg,5.7,0.79,4
41048_2018_11_18_1410.jpg,5.4,0.66,3
41048_2018_11_18_1500.jpg,4.8,0.46,3
41048_2018_11_18_1550.jpg,3.2,0.46,2
41048_2018_11_18_1710.jpg,2.7,0.44,2
41048_2018_11_18_1810.jpg,3.9,0.43,3
41048_2018_11_18_1910.jpg,4.3,0.47,3
41048_2018_11_18_2010.jpg,3.5,0.43,2
41048_2018_11_18_2110.jpg,2.1,0.39,2
41048_2018_11_18_2210.jpg,2.5,0.36,2
41048_2018_11_18_2310.jpg,2.1,0.36,2
41048_2018_11_19_0010.jpg,2.3,0.36,2
41048_2018_11_19_0110.jpg,2.5,0.32,2
41048_2018_11_19_0210.jpg,1.7,0.33,1
41048_2018_11_19_0310.jpg,2.2,0.3,2
41048_2018_11_19_0410.jpg,3.8,0.3,3
41048_2018_11_19_0510.jpg,4.3,0.3,3
41048_2018_11_19_0610.jpg,4.4,0.32,3
41048_2018_11_19_0710.jpg,4.7,0.31,3
41048_2018_11_19_0810.jpg,3.5,0.38,2
41048_2018_11_19_0910.jpg,5.3,0.45,3
41048_2018_11_19_1010.jpg,5.9,0.56,4
41048_2018_11_19_1110.jpg,6,0.51,4
41048_2018_11_19_1210.jpg,6.3,0.66,4
41048_2018_11_19_1310.jpg,6.3,0.69,4
41048_2018_11_19_1410.jpg,6.6,0.71,4
41048_2018_11_19_1510.jpg,6.6,0.74,4
41048_2018_11_19_1610.jpg,6.3,0.75,4
41048_2018_11_19_1710.jpg,6.6,0.69,4
41048_2018_11_19_1810.jpg,5.4,0.7,3
41048_2018_11_19_1910.jpg,5.9,0.76,4
41048_2018_11_19_2010.jpg,7.2,0.78,4
41048_2018_11_19_2110.jpg,6.6,0.77,4
41048_2018_11_19_2210.jpg,5.6,0.51,3
41048_2018_11_19_2310.jpg,4.8,0.45,3
41048_2018_11_20_0010.jpg,4.7,0.56,3
41048_2018_11_20_0110.jpg,4.4,0.64,3
41048_2018_11_20_0210.jpg,4.8,0.43,3
41048_2018_11_20_0310.jpg,3.6,0.45,2
41048_2018_11_20_0400.jpg,4.7,0.42,3
41048_2018_11_20_0510.jpg,3.4,0.85,2
41048_2018_11_20_0600.jpg,7.8,0.95,4
41048_2018_11_20_0710.jpg,10.1,1.13,5
41048_2018_11_20_0810.jpg,9.3,1.33,5
41048_2018_11_20_0910.jpg,8.5,1.42,4
41048_2018_11_20_1010.jpg,10.5,1.05,5
41048_2018_11_20_1110.jpg,4.1,0.7,3
41048_2018_11_20_1210.jpg,6.3,1.48,4
41048_2018_11_20_1300.jpg,7,1.78,4
41048_2018_11_20_1400.jpg,6.8,1.33,4
41048_2018_11_20_1510.jpg,6.6,1.61,4
41048_2018_11_20_1610.jpg,7.1,1.35,4
41048_2018_11_20_1710.jpg,7.3,1.68,4
41048_2018_11_20_1810.jpg,7.9,1.18,4
41048_2018_11_20_1910.jpg,6.4,1.12,4
41048_2018_11_20_2010.jpg,7.1,1.14,4
41048_2018_11_20_2110.jpg,7.7,1.36,4
41048_2018_11_20_2200.jpg,7.9,1.46,4
41048_2018_11_20_2310.jpg,8.7,1.66,4
41048_2018_11_21_0010.jpg,9.8,1.65,5
41048_2018_11_21_0110.jpg,11.9,1.83,6
41048_2018_11_21_0210.jpg,14.5,2.05,7
41048_2018_11_21_0310.jpg,13.5,2.32,6
41048_2018_11_21_0410.jpg,14.3,2.81,6
41048_2018_11_21_0510.jpg,13.9,3.7,6
41048_2018_11_21_0610.jpg,11.7,3.35,6
41048_2018_11_21_0710.jpg,11.7,3.32,6
41048_2018_11_21_0800.jpg,11,3.13,5
41048_2018_11_21_0910.jpg,10.2,2.69,5
41048_2018_11_21_1010.jpg,8.2,1.84,4
41048_2018_11_21_1110.jpg,7.2,1.59,4
41048_2018_11_21_1200.jpg,7.6,1.02,4
41048_2018_11_21_1300.jpg,7,1.54,4
41048_2018_11_21_1410.jpg,5.8,0.98,4
41048_2018_11_21_1510.jpg,3.5,0.63,2
41048_2018_11_21_1610.jpg,5.6,1.23,3
41048_2018_11_21_1700.jpg,5.8,0.73,4
41048_2018_11_21_1810.jpg,5.6,0.81,3
41048_2018_11_21_1910.jpg,6.9,1.18,4
41048_2018_11_21_2010.jpg,7.2,1.32,4
41048_2018_11_21_2110.jpg,6.1,1.08,4
41048_2018_11_21_2210.jpg,7.8,1.54,4
41048_2018_11_21_2300.jpg,7.8,1.44,4
41048_2018_11_22_0010.jpg,8.6,1.52,4
41048_2018_11_22_0110.jpg,9.8,1.98,5
41048_2018_11_22_0210.jpg,9.6,1.91,5
41048_2018_11_22_0310.jpg,10.5,1.93,5
41048_2018_11_22_0410.jpg,11.3,2.4,5
41048_2018_11_22_0510.jpg,11.3,2.33,5
41048_2018_11_22_0610.jpg,10.7,2.36,5
41048_2018_11_22_0710.jpg,10.2,2.38,5
41048_2018_11_22_0740.jpg,11.3,2.38,5
41048_2018_11_22_0910.jpg,11.1,2.63,5
41048_2018_11_22_1010.jpg,13.1,3.49,6
41048_2018_11_22_1110.jpg,13.7,3.91,6
41048_2018_11_22_1310.jpg,13.8,4.14,6
41048_2018_11_22_1410.jpg,14,4.29,6
41048_2018_11_22_1510.jpg,12.9,2.92,6
41048_2018_11_22_1610.jpg,12,3.74,6
41048_2018_11_22_1710.jpg,12.7,4.02,6
41048_2018_11_22_1810.jpg,12.8,3.15,6
41048_2018_11_22_1910.jpg,11.9,2.97,6
41048_2018_11_22_2010.jpg,10.9,2.71,5
41048_2018_11_22_2110.jpg,12.8,4.11,6
41048_2018_11_22_2210.jpg,11,,5
41048_2018_11_22_2310.jpg,11.3,3.87,5
41048_2018_11_23_0010.jpg,12,2.9,6
41048_2018_11_23_0100.jpg,13.8,4.41,6
41048_2018_11_23_0210.jpg,13.9,4.26,6
41048_2018_11_23_0310.jpg,13.2,3.85,6
41048_2018_11_23_0410.jpg,12.6,2.91,6
41048_2018_11_23_0510.jpg,10.2,4.63,5
41048_2018_11_23_0610.jpg,12.8,4.83,6
41048_2018_11_23_0710.jpg,12.3,3.62,6
41048_2018_11_23_0810.jpg,13.7,4.77,6
41048_2018_11_23_0910.jpg,14.3,3.7,6
41048_2018_11_23_1010.jpg,12.8,3.94,6
41048_2018_11_23_1110.jpg,11.8,4.37,6
41048_2018_11_23_1210.jpg,12.6,3.13,6
41048_2018_11_23_1310.jpg,10.8,2.95,5
41048_2018_11_23_1410.jpg,10.7,3.53,5
41048_2018_11_23_1500.jpg,10.7,3.02,5
41048_2018_11_23_1610.jpg,8.7,2.58,4
41048_2018_11_23_1710.jpg,8,2.24,4
41048_2018_11_23_1810.jpg,9.5,2.37,5
41048_2018_11_23_1910.jpg,9.5,2.6,5
41048_2018_11_23_2010.jpg,8.9,2.34,5
41048_2018_11_23_2110.jpg,8.4,1.51,4
41048_2018_11_23_2210.jpg,6.5,1.65,4
41048_2018_11_23_2310.jpg,9.9,0.79,5
41048_2018_11_24_0010.jpg,7.8,1.26,4
41048_2018_11_24_0110.jpg,5.2,1.13,3
41048_2018_11_24_0210.jpg,5.8,1.1,4
41048_2018_11_24_0310.jpg,5.3,0.52,3
41048_2018_11_24_0410.jpg,2.9,0.56,2
41048_2018_11_24_0510.jpg,3.1,0.52,2
41048_2018_11_24_0610.jpg,2.8,0.49,2
41048_2018_11_24_0710.jpg,1.2,0.46,1
41048_2018_11_24_0810.jpg,1.2,0.46,1
41048_2018_11_24_1010.jpg,3.1,0.41,2
41048_2018_11_24_1110.jpg,2.6,0.42,2
41048_2018_11_24_1210.jpg,2.8,0.41,2
41048_2018_11_24_1300.jpg,2.7,0.39,2
41048_2018_11_24_1410.jpg,1.8,0.36,1
41048_2018_11_24_1510.jpg,1.4,0.33,1
41048_2018_11_24_1610.jpg,4.3,0.47,3
41048_2018_11_24_1710.jpg,6.4,0.65,4
41048_2018_11_24_1810.jpg,6.9,0.71,4
41048_2018_11_24_1910.jpg,7,0.83,4
41048_2018_11_24_2010.jpg,8.5,0.97,4
41048_2018_11_24_2110.jpg,8.8,1.23,5
41048_2018_11_24_2210.jpg,7.6,1.12,4
41048_2018_11_24_2310.jpg,7.8,1.28,4
41048_2018_11_25_0010.jpg,8.7,1.33,4
41048_2018_11_25_0110.jpg,9,1.51,5
41048_2018_11_25_0210.jpg,9.7,1.51,5
41048_2018_11_25_0310.jpg,10.2,1.56,5
41048_2018_11_25_0410.jpg,11.8,1.92,6
41048_2018_11_25_0500.jpg,12.4,2.36,6
41048_2018_11_25_0610.jpg,12.1,2.27,6
41048_2018_11_25_0710.jpg,11.4,2.46,6
41048_2018_11_25_0810.jpg,11.5,2.5,6
41048_2018_11_25_0910.jpg,11.6,2.54,6
41048_2018_11_25_1010.jpg,14.4,2.76,6
41048_2018_11_25_1110.jpg,10.9,2.77,5
41048_2018_11_25_1210.jpg,11.8,2.38,6
41048_2018_11_25_1310.jpg,11.1,2.38,5
41048_2018_11_25_1410.jpg,11.8,2.32,6
41048_2018_11_25_1510.jpg,11.6,2.32,6
41048_2018_11_25_1610.jpg,11.8,2.62,6
41048_2018_11_25_1710.jpg,12,3.02,6
41048_2018_11_25_1810.jpg,13.1,3.23,6
41048_2018_11_25_1900.jpg,13.1,4.1,6
41048_2018_11_25_2000.jpg,13.2,4.68,6
41048_2018_11_25_2110.jpg,13.5,5.14,6
41048_2018_11_25_2210.jpg,13,3.02,6
41048_2018_11_25_2310.jpg,13.7,5.1,6
41048_2018_11_26_0010.jpg,12.9,3.05,6
41048_2018_11_26_0110.jpg,11.8,4.81,6
41048_2018_11_26_0210.jpg,10.9,3.7,5
41048_2018_11_26_0310.jpg,8.6,2.53,4
41048_2018_11_26_0410.jpg,8.3,2.33,4
41048_2018_11_26_0510.jpg,8.3,2.02,4
41048_2018_11_26_0610.jpg,6.5,1.54,4
41048_2018_11_26_0710.jpg,7.1,1.53,4
41048_2018_11_26_0810.jpg,5.2,1.35,3
41048_2018_11_26_0910.jpg,5.4,1.25,3
41048_2018_11_26_1010.jpg,5.7,0.93,4
41048_2018_11_26_1110.jpg,5.3,0.79,3
41048_2018_11_26_1310.jpg,4.4,0.49,3
41048_2018_11_26_1410.jpg,3,0.45,2
41048_2018_11_26_1510.jpg,3.5,0.48,2
41048_2018_11_26_1610.jpg,2.9,0.46,2
41048_2018_11_26_1710.jpg,0.3,0.52,0
41048_2018_11_26_1810.jpg,0.5,0.49,0
41048_2018_11_26_1910.jpg,0.9,0.48,1
41048_2018_11_26_2010.jpg,2.8,0.45,2
41048_2018_11_26_2110.jpg,3.7,0.54,3
41048_2018_11_26_2210.jpg,5.8,0.94,4
41048_2018_11_26_2310.jpg,9.4,1.08,5
41048_2018_11_27_0010.jpg,9,1.18,5
41048_2018_11_27_0110.jpg,11.4,1.57,6
41048_2018_11_27_0210.jpg,12.1,1.96,6
41048_2018_11_27_0310.jpg,11.2,1.97,5
41048_2018_11_27_0410.jpg,13.7,2.16,6
41048_2018_11_27_0510.jpg,13.7,2.51,6
41048_2018_11_27_0610.jpg,13.1,3.04,6
41048_2018_11_27_0710.jpg,12.9,3.76,6
41048_2018_11_27_0810.jpg,11.5,3.51,6
41048_2018_11_27_0910.jpg,12.4,2.59,6
41048_2018_11_27_1010.jpg,10.6,2.75,5
41048_2018_11_27_1110.jpg,11.6,2.98,6
41048_2018_11_27_1210.jpg,10.3,2.76,5
41048_2018_11_27_1310.jpg,10.9,2.84,5
41048_2018_11_27_1410.jpg,11.4,2.84,6
41048_2018_11_27_1510.jpg,11.2,3.03,5
41048_2018_11_27_1610.jpg,11.6,3.94,6
41048_2018_11_27_1710.jpg,12.1,3.77,6
41048_2018_11_27_1810.jpg,10.5,4.2,5
41048_2018_11_27_1910.jpg,9.8,2.62,5
41048_2018_11_27_2010.jpg,10.3,2.72,5
41048_2018_11_27_2110.jpg,9.8,2.7,5
41048_2018_11_27_2200.jpg,9.8,2.9,5
41048_2018_11_27_2310.jpg,10.1,2.97,5
41048_2018_11_28_0010.jpg,9.4,2.92,5
41048_2018_11_28_0110.jpg,9.8,2.52,5
41048_2018_11_28_0210.jpg,9.1,2.93,5
41048_2018_11_28_0310.jpg,9.6,2.01,5
41048_2018_11_28_0410.jpg,10.3,2.3,5
41048_2018_11_28_0510.jpg,7.3,2.41,4
41048_2018_11_28_0610.jpg,8.4,1.74,4
41048_2018_11_28_0710.jpg,5.5,1.6,3
41048_2018_11_28_0810.jpg,7.6,1.02,4
41048_2018_11_28_0910.jpg,5.2,1.78,3
41048_2018_11_28_1010.jpg,12.3,2.37,6
41048_2018_11_28_1110.jpg,12.4,2.48,6
41048_2018_11_28_1210.jpg,13,2.75,6
41048_2018_11_28_1310.jpg,9.3,2.89,5
41048_2018_11_28_1410.jpg,6,2.48,4
41048_2018_11_28_1510.jpg,14.7,4.06,7
41048_2018_11_28_1610.jpg,13.6,4.46,6
41048_2018_11_28_1700.jpg,15.5,5.28,7
41048_2018_11_28_1800.jpg,13.9,5.68,6
41048_2018_11_28_1910.jpg,15.6,6.41,7
41048_2018_11_28_2010.jpg,16.4,6.43,7
41048_2018_11_28_2110.jpg,16,6.71,7
41048_2018_11_28_2210.jpg,16.2,7.52,7
41048_2018_11_28_2310.jpg,16,7.14,7
41048_2018_11_29_0010.jpg,15.6,4.06,7
41048_2018_11_29_0100.jpg,16.5,8.16,7
41048_2018_11_29_0200.jpg,15.6,4.15,7
41048_2018_11_29_0310.jpg,16.5,7.95,7
41048_2018_11_29_0410.jpg,16.4,5.28,7
41048_2018_11_29_0510.jpg,16.3,5.09,7
41048_2018_11_29_0610.jpg,16,7.81,7
41048_2018_11_29_0710.jpg,15.5,7.05,7
41048_2018_11_29_0810.jpg,15.7,6.44,7
41048_2018_11_29_0910.jpg,16.9,7.35,7
41048_2018_11_29_1010.jpg,16.5,4.49,7
41048_2018_11_29_1110.jpg,15.1,8.12,7
41048_2018_11_29_1210.jpg,14.3,6.51,6
41048_2018_11_29_1310.jpg,14.8,3,7
41048_2018_11_29_1410.jpg,15.4,4.51,7
41048_2018_11_29_1510.jpg,15.6,5.95,7
41048_2018_11_29_1610.jpg,14.9,4.51,7
41048_2018_11_29_1710.jpg,14.9,3.6,7
41048_2018_11_29_1810.jpg,14.4,6.28,6
41048_2018_11_29_1910.jpg,14.8,6.31,7
41048_2018_11_29_2010.jpg,14.8,6.12,7
41048_2018_11_29_2050.jpg,13.5,6.12,6
41048_2018_11_29_2210.jpg,14.8,4.1,7
41048_2018_11_29_2310.jpg,13.8,5.16,6
41048_2018_11_30_0010.jpg,13.8,5.49,6
41048_2018_11_30_0110.jpg,14.6,4.69,7
41048_2018_11_30_0210.jpg,13.7,3.27,6
41048_2018_11_30_0310.jpg,11.6,4.64,6
41048_2018_11_30_0410.jpg,12.6,4.52,6
41048_2018_11_30_0510.jpg,12.2,5.17,6
41048_2018_11_30_0610.jpg,12.8,3.52,6
41048_2018_11_30_0710.jpg,12.9,3.41,6
41048_2018_11_30_0810.jpg,12.5,4.41,6
41048_2018_11_30_0910.jpg,13.3,3.17,6
41048_2018_11_30_1010.jpg,11.1,2.8,5
41048_2018_11_30_1110.jpg,9.7,2.72,5
41048_2018_11_30_1210.jpg,11.2,2.84,5
41048_2018_11_30_1310.jpg,11.1,3.4,5
41048_2018_11_30_1410.jpg,11.3,2.63,5
41048_2018_11_30_1510.jpg,11.2,3.12,5
41048_2018_11_30_1610.jpg,10.6,2.42,5
41048_2018_11_30_1710.jpg,10.1,2.66,5
41048_2018_11_30_1810.jpg,9.2,3.17,5
41048_2018_11_30_1910.jpg,9.3,2.6,5
41048_2018_11_30_2010.jpg,8.5,2.52,4
41048_2018_11_30_2110.jpg,8.1,2.31,4
41048_2018_11_30_2210.jpg,7.4,2.15,4
41048_2018_11_30_2310.jpg,7.1,,4
